"Letöltés idõpontja";"2017.04.21. 17:23"
"Alap neve:";"AEGON Panoráma Származtatott Befektetési Alap"
"Befektetési sorozat megjelölése:";"A sorozat (HUF)"
"Befektetési jegy devizaneme:";"HUF"
"Kategória:";"Abszolút hozamú"
"Földrajzi kitettség:";"Globális"
"Devizális kitettség:";""
"Egyéb jellemzõ kitettség:";""
"Hozam/kockázat mutató:";"0"
"Bef. politika rövid leírása:";""
"Alap típusa:";"Nyilvános nyíltvégû"
"Alap fajtája:";"Származtatott ügyletekbe fektetõ alap"
"Alap indulási dátuma:";"2014/11/27"
"Alapkezelõ:";"AEGON Magyarország Befektetési Alapkezelõ Zrt."
"Letétkezelõ:";"Citibank Europe plc Magyarországi Fióktelepe"
"1 éves szórás:";"7,72%"
"5 éves szórás:";""
"Dátum";"Árfolyam";"NEÉ";"Kifizetett hozam";"Napi befjegy. forgalom";"Napi befjegy. forgalom változás(%)";"3 hónapos hozam";"6 hónapos hozam";"1 éves hozam";"3 éves hozam";"5 éves hozam";"10 éves hozam"
"2017/04/20";"0,798498";"241353157";"0";"395913,62";"0,16%";"-1,99%";"0,96%";"-7,02%";"";"";""
"2017/04/19";"0,799365";"241218872";"0";"-0,63";"-0%";"-1,47%";"1,38%";"-7,09%";"";"";""
"2017/04/18";"0,799393";"241227322";"0";"-0,1";"-0%";"-1,39%";"1,12%";"-8,14%";"";"";""
"2017/04/13";"0,798642";"241000698";"0";"0,6";"0%";"-2,44%";"0,64%";"-8,51%";"";"";""
"2017/04/12";"0,798192";"240864904";"0";"-0,18";"-0%";"-2,01%";"1,08%";"-9,97%";"";"";""
"2017/04/11";"0,798045";"240820545";"0";"-0,12";"-0%";"-2,6%";"1,35%";"-10,38%";"";"";""
"2017/04/10";"0,797826";"240754459";"0";"34003,98";"0,01%";"-2,5%";"1,81%";"-10,55%";"";"";""
"2017/04/07";"0,797869";"240733429";"0";"0,56";"0%";"-2,53%";"1,62%";"-11,03%";"";"";""
"2017/04/06";"0,798282";"240858039";"0";"-249822,79";"-0,1%";"-2,48%";"2%";"-10,31%";"";"";""
"2017/04/05";"0,799006";"241326534";"0";"-0,3";"-0%";"-3,2%";"2,09%";"-10,3%";"";"";""
"2017/04/04";"0,799625";"241513493";"0";"-1440653,96";"-0,59%";"-3,53%";"1,98%";"-9,97%";"";"";""
"2017/04/03";"0,799364";"242874846";"0";"-0,18";"-0%";"-3,05%";"2,26%";"-9,87%";"";"";""
"2017/03/31";"0,799074";"242786734";"0";"-0,19";"-0%";"-2,13%";"2,41%";"-9,91%";"";"";""
"2017/03/30";"0,799251";"242840513";"0";"49999,74";"0,02%";"-2,11%";"2,44%";"-9,95%";"";"";""
"2017/03/29";"0,799705";"242928426";"0";"-0,77";"-0%";"-2,4%";"2,2%";"-9,59%";"";"";""
"2017/03/28";"0,799704";"242928123";"0";"0,41";"0%";"-3,09%";"2,54%";"-9,82%";"";"";""
"2017/03/27";"0,797671";"242310553";"0";"-48115,51";"-0,02%";"-3,62%";"1,96%";"-10,05%";"";"";""
"2017/03/24";"0,798416";"242585024";"0";"0,09";"0%";"-3,5%";"2,14%";"-9,98%";"";"";""
"2017/03/23";"0,798571";"242632118";"0";"-0,11";"-0%";"-3,48%";"2,16%";"-10%";"";"";""
"2017/03/22";"0,795586";"241725177";"0";"0,39";"0%";"-3,97%";"1,85%";"-10,3%";"";"";""
"2017/03/21";"0,794381";"241359058";"0";"-1017695,63";"-0,42%";"-4,59%";"1,29%";"-10,44%";"";"";""
"2017/03/20";"0,79992";"244066780";"0";"-31619,71";"-0,01%";"-4,28%";"1,49%";"-9,79%";"";"";""
"2017/03/17";"0,800684";"244331537";"0";"0,39";"0%";"-4%";"1,54%";"-9,55%";"";"";""
"2017/03/16";"0,805064";"245668109";"0";"-24295,82";"-0,01%";"-3,47%";"2,09%";"-9,32%";"";"";""
"2017/03/14";"0,809812";"247141417";"0";"-0,21";"-0%";"-1,96%";"2,44%";"-8,75%";"";"";""
"2017/03/13";"0,810328";"247298892";"0";"-404269,3";"-0,16%";"-2,51%";"2,52%";"-8,7%";"";"";""
"2017/03/10";"0,81301";"248523002";"0";"0,11";"0%";"-2,38%";"2,52%";"-8,32%";"";"";""
"2017/03/09";"0,811677";"248115527";"0";"0,2";"0%";"-2,54%";"2,35%";"-8,61%";"";"";""
"2017/03/08";"0,809994";"247601063";"0";"-0,14";"-0%";"-2,22%";"1,99%";"-8,73%";"";"";""
"2017/03/07";"0,806573";"246555323";"0";"-0,31";"-0%";"-2,19%";"1,22%";"-9,46%";"";"";""
"2017/03/06";"0,807935";"246971663";"0";"0,29";"0%";"-1,98%";"1,4%";"-9,19%";"";"";""
"2017/03/03";"0,814736";"249050610";"0";"-1222321,76";"-0,49%";"-1,27%";"2,49%";"-8,54%";"";"";""
"2017/03/02";"0,809367";"248623667";"0";"0,77";"0%";"-1,92%";"1,81%";"-9,12%";"";"";""
"2017/03/01";"0,815983";"250655988";"0";"-0,55";"-0%";"-1,49%";"2,37%";"-8,33%";"";"";""
"2017/02/28";"0,803894";"246942455";"0";"0,11";"0%";"-2,15%";"1,17%";"-9,7%";"";"";""
"2017/02/27";"0,804261";"247055191";"0";"-246560,21";"-0,1%";"-2,81%";"1,21%";"-9,66%";"";"";""
"2017/02/24";"0,805321";"247627690";"0";"-0,46";"-0%";"-3,22%";"0,94%";"-9,85%";"";"";""
"2017/02/23";"0,809572";"248934828";"0";"-0,36";"-0%";"-2,37%";"0,8%";"-9,32%";"";"";""
"2017/02/22";"0,814759";"250529776";"0";"-426922,23";"-0,17%";"-1,2%";"1,2%";"-8,99%";"";"";""
"2017/02/21";"0,813623";"250606795";"0";"-268944,6";"-0,11%";"-1,57%";"0,99%";"-8,95%";"";"";""
"2017/02/20";"0,810807";"250007443";"0";"0,29";"0%";"-1,61%";"0,65%";"-9,27%";"";"";""
"2017/02/17";"0,809956";"249745042";"0";"0,31";"0%";"-0,85%";"0,08%";"-9,19%";"";"";""
"2017/02/16";"0,811992";"250372830";"0";"-0,84";"-0%";"-0,8%";"0,15%";"-8,92%";"";"";""
"2017/02/15";"0,819659";"252736904";"0";"-412134,07";"-0,16%";"0,59%";"0,83%";"-8,05%";"";"";""
"2017/02/14";"0,815946";"252002290";"0";"-61174,7";"-0,02%";"-0,48%";"0,23%";"-9,49%";"";"";""
"2017/02/13";"0,815201";"251833318";"0";"0,36";"0%";"-0,07%";"0,14%";"-9,57%";"";"";""
"2017/02/10";"0,813599";"251338425";"0";"-0,25";"-0%";"1,21%";"-0,26%";"-8,81%";"";"";""
"2017/02/09";"0,80904";"249930051";"0";"37449,53";"0,01%";"0,93%";"-0,61%";"-9,59%";"";"";""
"2017/02/08";"0,809108";"249913605";"0";"0,1";"0%";"1,07%";"-0,21%";"-8,74%";"";"";""
"2017/02/07";"0,806321";"249052769";"0";"80000,02";"0,03%";"0,72%";"-1,02%";"-8,13%";"";"";""
"2017/02/06";"0,804064";"248275861";"0";"0,23";"0%";"-0,92%";"-1,29%";"-8,38%";"";"";""
"2017/02/03";"0,807169";"249234611";"0";"0,15";"0%";"-0,09%";"-2,39%";"-7,96%";"";"";""
"2017/02/02";"0,80707";"249204042";"0";"-0,09";"-0%";"0,35%";"-2,79%";"-7,91%";"";"";""
"2017/02/01";"0,808143";"249535359";"0";"-0,56";"-0%";"1,44%";"-1,61%";"-7,55%";"";"";""
"2017/01/31";"0,80655";"249043479";"0";"0,46";"0%";"1,24%";"-2,5%";"-7,66%";"";"";""
"2017/01/30";"0,805529";"248728218";"0";"-0,65";"-0%";"1,11%";"-2,63%";"-7,78%";"";"";""
"2017/01/27";"0,813411";"251161993";"0";"0,31";"0%";"2,71%";"-1,74%";"-7,86%";"";"";""
"2017/01/26";"0,813499";"251189165";"0";"0,58";"0%";"2,65%";"-1,37%";"-8,1%";"";"";""
"2017/01/25";"0,818475";"252725635";"0";"-0,66";"-0%";"3,53%";"-0,53%";"-7,37%";"";"";""
"2017/01/24";"0,814487";"251494236";"0";"0,52";"0%";"3,13%";"-1,35%";"-7,97%";"";"";""
"2017/01/23";"0,811039";"250429575";"0";"-0,11";"-0%";"2,44%";"-1,77%";"-8,36%";"";"";""
"2017/01/20";"0,814731";"251569577";"0";"-0,41";"-0%";"3,02%";"-1,22%";"-9,49%";"";"";""
"2017/01/19";"0,811305";"250511710";"0";"-0,23";"-0%";"2,89%";"-2,81%";"-8,98%";"";"";""
"2017/01/18";"0,810658";"250311932";"0";"0,32";"0%";"2,54%";"-2,48%";"-9,61%";"";"";""
"2017/01/17";"0,813347";"251142231";"0";"-0,02";"-0%";"2,63%";"-1,74%";"-9,39%";"";"";""
"2017/01/16";"0,818938";"252868599";"0";"-678549,66";"-0,27%";"3,4%";"-1,07%";"-8,77%";"";"";""
"2017/01/13";"0,818593";"253440335";"0";"-327376,24";"-0,13%";"3,16%";"-2,77%";"-8,45%";"";"";""
"2017/01/12";"0,814535";"252509712";"0";"0,72";"0%";"3,15%";"-2,55%";"-9,33%";"";"";""
"2017/01/11";"0,819327";"253995254";"0";"-0,04";"-0%";"4,05%";"-4,67%";"-8,08%";"";"";""
"2017/01/10";"0,818264";"253665719";"0";"0,11";"0%";"4,42%";"-5,68%";"-8,3%";"";"";""
"2017/01/09";"0,817021";"253280383";"0";"99996,29";"0,04%";"4,06%";"-5,82%";"-8,44%";"";"";""
"2017/01/06";"0,818574";"253661634";"0";"-0,2";"-0%";"4,59%";"-7,12%";"-8,2%";"";"";""
"2017/01/05";"0,825452";"255793005";"0";"-0,19";"-0%";"5,47%";"-4,71%";"-7,06%";"";"";""
"2017/01/04";"0,828913";"256865508";"0";"-1607826,28";"-0,63%";"5,71%";"-2,97%";"-6,49%";"";"";""
"2017/01/03";"0,82447";"257087909";"0";"-994863,41";"-0,39%";"5,47%";"-3,37%";"-6,47%";"";"";""
"2017/01/02";"0,818881";"256333255";"0";"0,2";"0%";"4,95%";"-4,02%";"-7,11%";"";"";""
"2016/12/30";"0,816449";"255571969";"0";"-0,45";"-0%";"4,64%";"-3,92%";"-7,52%";"";"";""
"2016/12/29";"0,819395";"256494152";"0";"26440,33";"0,01%";"4,72%";"-4,08%";"-7,28%";"";"";""
"2016/12/28";"0,825189";"258281213";"0";"-1237783,62";"-0,48%";"5,81%";"-4,57%";"-6,75%";"";"";""
"2016/12/27";"0,827605";"260278820";"0";"-603322,27";"-0,23%";"5,79%";"-5,19%";"-6,2%";"";"";""
"2016/12/23";"0,827382";"260811847";"0";"2900430,1";"1,12%";"5,84%";"1,22%";"-6,22%";"";"";""
"2016/12/22";"0,828499";"258259608";"0";"0,31";"0%";"6,06%";"0,1%";"-6,33%";"";"";""
"2016/12/21";"0,832564";"259526749";"0";"1999999,5";"0,77%";"6,16%";"0,89%";"-6,05%";"";"";""
"2016/12/20";"0,835701";"258497079";"0";"-0,5";"-0%";"6,03%";"0,84%";"-5,51%";"";"";""
"2016/12/19";"0,83116";"257092468";"0";"2387554,24";"0,93%";"5,4%";"-1,91%";"-6,02%";"";"";""
"2016/12/16";"0,834043";"255588395";"0";"0,05";"0%";"5,77%";"-1,87%";"-5,44%";"";"";""
"2016/12/15";"0,836301";"256280348";"0";"-0,17";"-0%";"6,17%";"-1,24%";"-5,18%";"";"";""
"2016/12/14";"0,825966";"253113238";"0";"-626358,06";"-0,25%";"4,49%";"-2,62%";"-6,6%";"";"";""
"2016/12/13";"0,831181";"255341662";"0";"1002960,87";"0,4%";"5,16%";"-1,72%";"-5,98%";"";"";""
"2016/12/12";"0,827816";"253309022";"0";"-0,28";"-0%";"5,04%";"-1,34%";"-6,36%";"";"";""
"2016/12/09";"0,832855";"254850940";"0";"0,37";"0%";"5,02%";"-0,45%";"-5,38%";"";"";""
"2016/12/08";"0,828407";"253489866";"0";"-223898,37";"-0,09%";"4,3%";"-0,67%";"-5,87%";"";"";""
"2016/12/07";"0,824616";"252552706";"0";"-914936,07";"-0,36%";"3,48%";"-1,18%";"-6,21%";"";"";""
"2016/12/06";"0,824252";"253355757";"0";"150000,1";"0,06%";"3,45%";"-1,7%";"-6,13%";"";"";""
"2016/12/05";"0,824715";"253347988";"0";"0,29";"0%";"3,8%";"-2,44%";"-6,08%";"";"";""
"2016/12/02";"0,825179";"253490526";"0";"-75759,41";"-0,03%";"3,8%";"-2,51%";"-6,46%";"";"";""
"2016/12/01";"0,828327";"254533623";"0";"-893488,99";"-0,35%";"3,92%";"-2,13%";"-6,04%";"";"";""
"2016/11/30";"0,824525";"254254708";"0";"0,26";"0%";"3,5%";"-2,13%";"-6,57%";"";"";""
"2016/11/29";"0,821529";"253330846";"0";"-0,38";"-0%";"3,14%";"-2,68%";"-6,87%";"";"";""
"2016/11/28";"0,821517";"253327146";"0";"885338,2";"0,35%";"3,39%";"-2,68%";"-6,88%";"";"";""
"2016/11/25";"0,827548";"254295058";"0";"0,63";"0%";"3,92%";"-2,24%";"-6,42%";"";"";""
"2016/11/24";"0,832126";"255701819";"0";"0,06";"0%";"4,3%";"-2,62%";"-5,75%";"";"";""
"2016/11/23";"0,829245";"254816524";"0";"-735226,63";"-0,29%";"3,25%";"-3,73%";"-6,16%";"";"";""
"2016/11/22";"0,824661";"254139081";"0";"-0,74";"-0%";"2,43%";"-3,99%";"-6,59%";"";"";""
"2016/11/21";"0,826559";"254723996";"0";"-6222132,92";"-2,39%";"2,6%";"-3,77%";"-6,38%";"";"";""
"2016/11/18";"0,824101";"260170134";"0";"-0,02";"-0%";"1,95%";"-4,09%";"-6,7%";"";"";""
"2016/11/17";"0,816862";"257884769";"0";"0,22";"0%";"0,93%";"-5,14%";"-7,78%";"";"";""
"2016/11/16";"0,818521";"258408518";"0";"-99422,87";"-0,04%";"0,96%";"-5,26%";"-7,46%";"";"";""
"2016/11/15";"0,814815";"257337500";"0";"-0,2";"-0%";"0,23%";"-5,68%";"-7,9%";"";"";""
"2016/11/14";"0,819896";"258942198";"0";"-0,1";"-0%";"0,72%";"-5,1%";"-7,32%";"";"";""
"2016/11/11";"0,815801";"257648902";"0";"0";"0%";"0,26%";"-5,08%";"-7,77%";"";"";""
"2016/11/10";"0,803848";"253873867";"0";"-4116462,61";"-1,6%";"-1,46%";"-6,15%";"-9,24%";"";"";""
"2016/11/09";"0,80162";"257275266";"0";"-1266200,38";"-0,49%";"-1,53%";"-6,93%";"-9,56%";"";"";""
"2016/11/08";"0,800529";"258189593";"0";"-454254,54";"-0,18%";"-1,27%";"-7,1%";"-9,75%";"";"";""
"2016/11/07";"0,800534";"258645463";"0";"104352,01";"0,04%";"-1,73%";"-7,1%";"-9,75%";"";"";""
"2016/11/04";"0,811532";"262093034";"0";"-0,02";"-0%";"-2,04%";"-5,84%";"-8,72%";"";"";""
"2016/11/03";"0,807909";"260922947";"0";"-780681,94";"-0,3%";"-2,3%";"-6,37%";"-9,33%";"";"";""
"2016/11/02";"0,804245";"260516760";"0";"0,29";"0%";"-3,13%";"-6,63%";"-9,83%";"";"";""
"2016/10/28";"0,796709";"258075645";"0";"6965,03";"0%";"-3,45%";"-7,46%";"-11,91%";"";"";""
"2016/10/27";"0,79198";"256536870";"0";"0,49";"0%";"-4,33%";"-7,71%";"-12,05%";"";"";""
"2016/10/26";"0,792513";"256709518";"0";"-0,55";"-0%";"-3,91%";"-7,56%";"-11,93%";"";"";""
"2016/10/25";"0,790572";"256080793";"0";"-320231,92";"-0,13%";"-3,92%";"-7,81%";"-12,66%";"";"";""
"2016/10/24";"0,789756";"256136377";"0";"5482389,24";"2,18%";"-4,34%";"-7,9%";"-12,75%";"";"";""
"2016/10/21";"0,791738";"251283038";"0";"-1165280,71";"-0,46%";"-4,29%";"-7,74%";"-12,54%";"";"";""
"2016/10/20";"0,79087";"252171554";"0";"-3037409,13";"-1,19%";"-4,12%";"-7,9%";"-13,09%";"";"";""
"2016/10/19";"0,788495";"254442565";"0";"-0,75";"-0%";"-5,54%";"-8,35%";"-13,47%";"";"";""
"2016/10/18";"0,790569";"255111833";"0";"-232732,83";"-0,09%";"-4,89%";"-9,16%";"-13,52%";"";"";""
"2016/10/17";"0,792526";"255976654";"0";"0,15";"0%";"-4,26%";"-8,94%";"-13,31%";"";"";""
"2016/10/14";"0,791999";"255806439";"0";"-0,09";"-0%";"-4,83%";"-8,74%";"-13,51%";"";"";""
"2016/10/13";"0,79355";"256307394";"0";"-443594,27";"-0,17%";"-5,74%";"-9,09%";"-13,09%";"";"";""
"2016/10/12";"0,789636";"255484624";"0";"72495,75";"0,03%";"-5,53%";"-10,94%";"-13,74%";"";"";""
"2016/10/11";"0,787438";"254701173";"0";"-0,47";"-0%";"-8,38%";"-11,57%";"-14,12%";"";"";""
"2016/10/10";"0,783626";"253468161";"0";"-0,26";"-0%";"-9,67%";"-12,15%";"-14,54%";"";"";""
"2016/10/07";"0,785116";"253950110";"0";"0,56";"0%";"-10,09%";"-12,45%";"-14,48%";"";"";""
"2016/10/06";"0,78263";"253145999";"0";"0,36";"0%";"-11,2%";"-12,07%";"-14,82%";"";"";""
"2016/10/05";"0,782622";"253143411";"0";"-0,18";"-0%";"-9,66%";"-12,14%";"-15,23%";"";"";""
"2016/10/04";"0,78411";"253624713";"0";"0,07";"0%";"-8,21%";"-11,71%";"-16,31%";"";"";""
"2016/10/03";"0,78168";"252838716";"0";"-39083,98";"-0,02%";"-8,39%";"-11,86%";"-16,57%";"";"";""
"2016/09/30";"0,780236";"252410658";"0";"-6203391,02";"-2,39%";"-8,18%";"-12,1%";"-17,02%";"";"";""
"2016/09/29";"0,782496";"259363140";"0";"0,25";"0%";"-8,39%";"-11,54%";"-17,42%";"";"";""
"2016/09/28";"0,779877";"258495056";"0";"0,27";"0%";"-9,81%";"-12,05%";"-17,31%";"";"";""
"2016/09/27";"0,782313";"259302483";"0";"-0,49";"-0%";"-10,38%";"-11,78%";"-16,76%";"";"";""
"2016/09/26";"0,784618";"260066490";"0";"0,69";"0%";"-8,46%";"-11,52%";"-16,52%";"";"";""
"2016/09/23";"0,781715";"259104272";"0";"2666196,94";"1,04%";"-4,36%";"-11,9%";"-17,26%";"";"";""
"2016/09/22";"0,781164";"256257322";"0";"0,36";"0%";"-5,62%";"-11,93%";"-17,18%";"";"";""
"2016/09/21";"0,784272";"257276887";"0";"-0,25";"-0%";"-4,96%";"-11,58%";"-16,75%";"";"";""
"2016/09/20";"0,788158";"258551672";"0";"0,24";"0%";"-4,9%";"-11,12%";"-16,22%";"";"";""
"2016/09/19";"0,788559";"258683218";"0";"-234289";"-0,09%";"-6,93%";"-11,07%";"-16,18%";"";"";""
"2016/09/16";"0,788559";"258917507";"0";"-8853026,76";"-3,31%";"-7,22%";"-11,18%";"-16,51%";"";"";""
"2016/09/15";"0,78772";"267485635";"0";"0,72";"0%";"-6,98%";"-11,24%";"-17%";"";"";""
"2016/09/14";"0,79051";"268433033";"0";"-0,73";"-0%";"-6,8%";"-10,93%";"-16,8%";"";"";""
"2016/09/13";"0,790377";"268387871";"0";"-327083,23";"-0,12%";"-6,55%";"-10,94%";"-16,92%";"";"";""
"2016/09/12";"0,78806";"267927213";"0";"-236417,78";"-0,09%";"-6,08%";"-11,21%";"-17,16%";"";"";""
"2016/09/09";"0,793049";"269861304";"0";"0,14";"0%";"-5,21%";"-10,71%";"-16,84%";"";"";""
"2016/09/08";"0,794218";"270259095";"0";"-0,16";"-0%";"-4,77%";"-10,51%";"-17,04%";"";"";""
"2016/09/07";"0,796851";"271155061";"0";"-429431,42";"-0,16%";"-4,51%";"-10,55%";"-17,54%";"";"";""
"2016/09/06";"0,796769";"271556545";"0";"-2722819,77";"-1%";"-4,98%";"-10,44%";"-17,45%";"";"";""
"2016/09/05";"0,794532";"273509301";"0";"-241311,07";"-0,09%";"-6,01%";"-10,7%";"-17,69%";"";"";""
"2016/09/02";"0,79497";"273901522";"0";"-0,12";"-0%";"-6,08%";"-10,73%";"-16,98%";"";"";""
"2016/09/01";"0,797096";"274634021";"0";"-0,04";"-0%";"-5,82%";"-10,45%";"-16,98%";"";"";""
"2016/08/31";"0,796667";"274486212";"0";"-772103,26";"-0,28%";"-5,45%";"-10,61%";"-16,37%";"";"";""
"2016/08/30";"0,796606";"275237239";"0";"-1818573,33";"-0,66%";"-5,45%";"-10,62%";"-16,21%";"";"";""
"2016/08/29";"0,796549";"277035988";"0";"-1855442,68";"-0,67%";"-5,64%";"-10,62%";"-16,22%";"";"";""
"2016/08/26";"0,794618";"278215340";"0";"0,26";"0%";"-5,98%";"-10,75%";"-17,27%";"";"";""
"2016/08/25";"0,796305";"278806000";"0";"10253,09";"0%";"-5,93%";"-10,6%";"-17,08%";"";"";""
"2016/08/24";"0,797809";"279322315";"0";"-39949,73";"-0,01%";"-6,64%";"-10,69%";"-17,9%";"";"";""
"2016/08/23";"0,803137";"281227927";"0";"-69107,58";"-0,02%";"-6,76%";"-10,04%";"-17,44%";"";"";""
"2016/08/22";"0,805063";"281971612";"0";"0,1";"0%";"-6,28%";"-10,07%";"-17,24%";"";"";""
"2016/08/19";"0,805608";"282162497";"0";"-0,56";"-0%";"-6,55%";"-9,85%";"-17,19%";"";"";""
"2016/08/18";"0,808353";"283123928";"0";"-1169003,11";"-0,41%";"-5,92%";"-9,62%";"-16,87%";"";"";""
"2016/08/17";"0,809311";"284629854";"0";"-0,01";"-0%";"-6,02%";"-9,26%";"-16,34%";"";"";""
"2016/08/16";"0,810772";"285143679";"0";"-0,77";"-0%";"-6,15%";"-9,05%";"-15,73%";"";"";""
"2016/08/15";"0,812948";"285908966";"0";"0,14";"0%";"-5,9%";"-8,8%";"-15,5%";"";"";""
"2016/08/12";"0,814049";"286296181";"0";"0,33";"0%";"-5,38%";"-9,7%";"-14,95%";"";"";""
"2016/08/11";"0,813708";"286176253";"0";"-0,3";"-0%";"-5,33%";"-10,14%";"-15,19%";"";"";""
"2016/08/10";"0,815755";"286896171";"0";"-0,11";"-0%";"-4,76%";"-8,57%";"-14,38%";"";"";""
"2016/08/09";"0,814046";"286295126";"0";"906600,05";"0,32%";"-5,49%";"-9,03%";"-15,08%";"";"";""
"2016/08/08";"0,810798";"284249841";"0";"24999,84";"0,01%";"-5,91%";"-8,55%";"-15,42%";"";"";""
"2016/08/05";"0,814592";"285554826";"0";"-115917,94";"-0,04%";"-5,7%";"-7,19%";"-15,25%";"";"";""
"2016/08/04";"0,828421";"290520461";"0";"-240963,68";"-0,08%";"-3,88%";"-4,99%";"-13,57%";"";"";""
"2016/08/03";"0,826959";"290248288";"0";"-360372,82";"-0,12%";"-4,17%";"-5,7%";"-13,93%";"";"";""
"2016/08/02";"0,830262";"291769396";"0";"-0,37";"-0%";"-3,61%";"-5,27%";"-13,46%";"";"";""
"2016/08/01";"0,821338";"288633338";"0";"-130839,83";"-0,04%";"-4,95%";"-6,04%";"-14,39%";"";"";""
"2016/07/29";"0,827249";"290842354";"0";"0,45";"0%";"-4,27%";"-5,29%";"-13,53%";"";"";""
"2016/07/28";"0,825178";"290114236";"0";"0,3";"0%";"-4,15%";"-6,35%";"-13,69%";"";"";""
"2016/07/27";"0,827818";"291042401";"0";"-819508,67";"-0,28%";"-3,53%";"-6,23%";"-13,94%";"";"";""
"2016/07/26";"0,824796";"290796450";"0";"0,12";"0%";"-3,79%";"-6,83%";"-14,12%";"";"";""
"2016/07/25";"0,822797";"290091667";"0";"-75711,91";"-0,03%";"-4,05%";"-6,89%";"-14,33%";"";"";""
"2016/07/22";"0,825624";"291164348";"0";"-8256,04";"-0%";"-3,72%";"-6,71%";"-14,03%";"";"";""
"2016/07/21";"0,827235";"291740755";"0";"200000,16";"0,07%";"-3,6%";"-7,73%";"-13,46%";"";"";""
"2016/07/20";"0,824824";"290691051";"0";"-323729,2";"-0,11%";"-3,95%";"-8,36%";"-13,63%";"";"";""
"2016/07/19";"0,834767";"294522874";"0";"0,25";"0%";"-2,97%";"-6,35%";"-12,53%";"";"";""
"2016/07/18";"0,83124";"293278476";"0";"222310,56";"0,08%";"-4,48%";"-7,32%";"-12,9%";"";"";""
"2016/07/15";"0,827789";"291839505";"0";"0,06";"0%";"-4,89%";"-7,78%";"-13,52%";"";"";""
"2016/07/14";"0,832176";"293386155";"0";"46744,34";"0,02%";"-4,11%";"-6,79%";"-13,27%";"";"";""
"2016/07/13";"0,84188";"296760040";"0";"102126,78";"0,03%";"-3,56%";"-5,84%";"-12,13%";"";"";""
"2016/07/12";"0,83584";"294529565";"0";"799999,6";"0,26%";"-5,73%";"-6,96%";"-12,69%";"";"";""
"2016/07/11";"0,859488";"302039908";"0";"-580464,78";"-0,19%";"-3,48%";"-3,58%";"-10,22%";"";"";""
"2016/07/08";"0,867531";"305452263";"0";"-0,43";"-0%";"-2,74%";"-2,78%";"-10,16%";"";"";""
"2016/07/07";"0,873221";"307455677";"0";"0";"0%";"-2,62%";"-2,41%";"-10,21%";"";"";""
"2016/07/06";"0,881347";"310316791";"0";"0,12";"0%";"-0,98%";"-1,16%";"-9,1%";"";"";""
"2016/07/05";"0,86628";"305011794";"0";"67726,53";"0,02%";"-2,74%";"-2,47%";"-11,27%";"";"";""
"2016/07/04";"0,854257";"300711784";"0";"-1197169,19";"-0,4%";"-3,82%";"-3,63%";"-12,5%";"";"";""
"2016/07/01";"0,853223";"301543520";"0";"99999,68";"0,03%";"-3,79%";"-3,21%";"-13,27%";"";"";""
"2016/06/30";"0,849743";"300214037";"0";"-0,26";"-0%";"-4,27%";"-3,75%";"-12,77%";"";"";""
"2016/06/29";"0,854205";"301790461";"0";"558538,3";"0,18%";"-3,43%";"-3,34%";"-12,25%";"";"";""
"2016/06/28";"0,864691";"304929768";"0";"225478,08";"0,07%";"-2,49%";"-2,28%";"-13,3%";"";"";""
"2016/06/27";"0,872929";"307607239";"0";"5408,7";"0%";"-1,56%";"-1,06%";"-12,48%";"";"";""
"2016/06/24";"0,857149";"302041290";"0";"-0,82";"-0%";"-3,35%";"-2,85%";"-14,53%";"";"";""
"2016/06/23";"0,817377";"288026474";"0";"0,85";"0%";"-7,88%";"-7,35%";"-18,67%";"";"";""
"2016/06/22";"0,827641";"291643291";"0";"-0,51";"-0%";"-6,69%";"-6,42%";"-17,24%";"";"";""
"2016/06/21";"0,82522";"290790182";"0";"-311915,51";"-0,11%";"-6,97%";"-6,87%";"-17,42%";"";"";""
"2016/06/20";"0,82874";"292343802";"0";"357517,58";"0,12%";"-6,54%";"-6,29%";"-17,07%";"";"";""
"2016/06/17";"0,847319";"298532141";"0";"-0,43";"-0%";"-4,28%";"-3,97%";"-15,83%";"";"";""
"2016/06/16";"0,849947";"299458053";"0";"-1230402,2";"-0,41%";"-4,26%";"-3,63%";"-15,48%";"";"";""
"2016/06/15";"0,846822";"299582914";"0";"-0,32";"-0%";"-4,58%";"-3,99%";"-15,68%";"";"";""
"2016/06/14";"0,848221";"300077843";"0";"-0,49";"-0%";"-4,43%";"-4,08%";"-15,98%";"";"";""
"2016/06/13";"0,845763";"299208269";"0";"81970,34";"0,03%";"-4,7%";"-4,33%";"-16,22%";"";"";""
"2016/06/10";"0,839096";"296768339";"0";"-0,58";"-0%";"-5,38%";"-4,85%";"-16,79%";"";"";""
"2016/06/09";"0,836605";"295887332";"0";"0,12";"0%";"-5,81%";"-4,96%";"-17,06%";"";"";""
"2016/06/08";"0,834013";"294970603";"0";"-0,18";"-0%";"-6,03%";"-5,23%";"-17,59%";"";"";""
"2016/06/07";"0,83448";"295135770";"0";"24999,25";"0,01%";"-6,32%";"-5,08%";"-17,23%";"";"";""
"2016/06/06";"0,838528";"296542331";"0";"35668,28";"0,01%";"-5,75%";"-4,51%";"-16,83%";"";"";""
"2016/06/03";"0,845339";"298915058";"0";"-21141,49";"-0,01%";"-5,1%";"-4,08%";"-16,37%";"";"";""
"2016/06/02";"0,846434";"299323423";"0";"0,33";"0%";"-4,96%";"-4,05%";"-16,16%";"";"";""
"2016/06/01";"0,846355";"299295486";"0";"-0,21";"-0%";"-4,92%";"-3,99%";"-15,86%";"";"";""
"2016/05/31";"0,84263";"297978219";"0";"-2732709,29";"-0,91%";"-5,45%";"-4,52%";"-15,78%";"";"";""
"2016/05/30";"0,842484";"300658825";"0";"-23823,49";"-0,01%";"-5,47%";"-4,53%";"-15,79%";"";"";""
"2016/05/27";"0,844131";"301270463";"0";"0,33";"0%";"-5,18%";"-4,31%";"-16,29%";"";"";""
"2016/05/26";"0,845139";"301630218";"0";"0,18";"0%";"-5,07%";"-4,5%";"-16,2%";"";"";""
"2016/05/25";"0,846539";"302129878";"0";"0,03";"0%";"-4,96%";"-4,27%";"-16,12%";"";"";""
"2016/05/24";"0,854529";"304981510";"0";"-0,32";"-0%";"-4,34%";"-3,21%";"-15,33%";"";"";""
"2016/05/23";"0,861351";"307416283";"0";"0,29";"0%";"-3,52%";"-2,53%";"-14,65%";"";"";""
"2016/05/20";"0,858975";"306568288";"0";"0,1";"0%";"-3,88%";"-2,71%";"-14,5%";"";"";""
"2016/05/19";"0,862058";"307668611";"0";"-552424,71";"-0,18%";"-3,53%";"-2,42%";"-14,14%";"";"";""
"2016/05/18";"0,859208";"307202044";"0";"418279,82";"0,14%";"-3,94%";"-2,73%";"-14,15%";"";"";""
"2016/05/17";"0,861163";"307481805";"0";"51468,43";"0,02%";"-3,45%";"-2,78%";"-14,31%";"";"";""
"2016/05/13";"0,863925";"308416355";"0";"0,42";"0%";"-4,17%";"-2,35%";"-14,06%";"";"";""
"2016/05/12";"0,860303";"307123321";"0";"-83748,93";"-0,03%";"-4,57%";"-2,61%";"-14,33%";"";"";""
"2016/05/11";"0,859486";"306915326";"0";"274999,54";"0,09%";"-5,08%";"-2,83%";"-14,28%";"";"";""
"2016/05/10";"0,856557";"305595342";"0";"-0";"-0%";"-4%";"-3,29%";"-14,57%";"";"";""
"2016/05/09";"0,861315";"307292862";"0";"-0,53";"-0%";"-3,75%";"-2,82%";"-14,1%";"";"";""
"2016/05/06";"0,861716";"307435928";"0";"-43124,2";"-0,01%";"-1,82%";"-2,85%";"-14,05%";"";"";""
"2016/05/05";"0,863799";"308222312";"0";"-0,37";"-0%";"-1,58%";"-2,6%";"-14,19%";"";"";""
"2016/05/04";"0,861837";"307522228";"0";"-0,32";"-0%";"-1,16%";"-3,07%";"-15,25%";"";"";""
"2016/05/03";"0,862905";"307903314";"0";"32999,61";"0,01%";"-1,6%";"-3,16%";"-14,65%";"";"";""
"2016/05/02";"0,861396";"307331928";"0";"96774,01";"0,03%";"-1,71%";"-3,42%";"-14,8%";"";"";""
"2016/04/29";"0,864112";"308203873";"0";"-0,63";"-0%";"-1,07%";"-3,48%";"-14,99%";"";"";""
"2016/04/28";"0,860893";"307055749";"0";"0,02";"0%";"-2,3%";"-4,82%";"-15,69%";"";"";""
"2016/04/27";"0,85811";"306063133";"0";"-0,28";"-0%";"-2,8%";"-4,7%";"-16,29%";"";"";""
"2016/04/26";"0,857314";"305779223";"0";"300000";"0,1%";"-3,15%";"-4,73%";"-16,3%";"";"";""
"2016/04/25";"0,857535";"305557970";"0";"-224371,16";"-0,07%";"-2,95%";"-5,27%";"-16,28%";"";"";""
"2016/04/22";"0,857521";"305777349";"0";"-0,08";"-0%";"-3,11%";"-5,27%";"-16,58%";"";"";""
"2016/04/21";"0,858123";"305992012";"0";"-85727,69";"-0,03%";"-4,29%";"-5,21%";"-16,25%";"";"";""
"2016/04/20";"0,85874";"306297813";"0";"-0,42";"-0%";"-4,6%";"-5,63%";"-16,01%";"";"";""
"2016/04/19";"0,860343";"306869576";"0";"116392,42";"0,04%";"-3,48%";"-5,59%";"-15,25%";"";"";""
"2016/04/18";"0,870248";"310284787";"0";"-7553218,02";"-2,38%";"-2,97%";"-4,8%";"-14,28%";"";"";""
"2016/04/15";"0,870314";"317862110";"0";"-4546800,54";"-1,41%";"-3,04%";"-5,14%";"-15,8%";"";"";""
"2016/04/14";"0,867884";"321508714";"0";"-0,34";"-0%";"-2,79%";"-5,23%";"-15,75%";"";"";""
"2016/04/13";"0,872927";"323376900";"0";"-0,22";"-0%";"-2,37%";"-4,4%";"-15,41%";"";"";""
"2016/04/12";"0,886604";"328443562";"0";"0,48";"0%";"-1,31%";"-3,14%";"-14,04%";"";"";""
"2016/04/11";"0,890461";"329872392";"0";"0,07";"0%";"-0,1%";"-2,89%";"-13,66%";"";"";""
"2016/04/08";"0,891957";"330426587";"0";"-0,6";"-0%";"-0,05%";"-2,89%";"-12,99%";"";"";""
"2016/04/07";"0,896749";"332201790";"0";"-1260070,38";"-0,38%";"0,21%";"-2,32%";"-12,15%";"";"";""
"2016/04/06";"0,890087";"330984553";"0";"0,53";"0%";"-0,18%";"-3,13%";"-12,44%";"";"";""
"2016/04/05";"0,890724";"331221425";"0";"2405149,88";"0,73%";"0,29%";"-3,53%";"-12,37%";"";"";""
"2016/04/04";"0,888143";"327863483";"0";"-259153,14";"-0,08%";"0,19%";"-5,21%";"-12,63%";"";"";""
"2016/04/01";"0,886877";"327654915";"0";"-7056328,08";"-2,11%";"0,61%";"-5,56%";"-12,7%";"";"";""
"2016/03/31";"0,886951";"334739171";"0";"-1194974,42";"-0,36%";"0,62%";"-5,67%";"-12,57%";"";"";""
"2016/03/30";"0,887609";"336183364";"0";"2325,75";"0%";"0,54%";"-5,6%";"-12,94%";"";"";""
"2016/03/29";"0,884554";"335023960";"0";"0,58";"0%";"0,1%";"-6,65%";"-12,36%";"";"";""
"2016/03/25";"0,886763";"335860616";"0";"-0,13";"-0%";"0,51%";"-5,65%";"-12,35%";"";"";""
"2016/03/24";"0,886891";"335909096";"0";"-0,65";"-0%";"0,52%";"-6,44%";"-13,2%";"";"";""
"2016/03/23";"0,887296";"336062490";"0";"-350371,9";"-0,1%";"0,57%";"-6,08%";"-12,98%";"";"";""
"2016/03/22";"0,886984";"336294569";"0";"-0,25";"-0%";"0,28%";"-5,96%";"-13,64%";"";"";""
"2016/03/21";"0,887017";"336307081";"0";"-265492,13";"-0,08%";"0,1%";"-5,85%";"-13,63%";"";"";""
"2016/03/18";"0,886764";"336476574";"0";"9955558,5";"3,05%";"0,27%";"-5,74%";"-13,09%";"";"";""
"2016/03/17";"0,885181";"325938129";"0";"-0,4";"-0%";"0,32%";"-6,17%";"-13,43%";"";"";""
"2016/03/16";"0,887809";"326905802";"0";"-40469,63";"-0,01%";"0,66%";"-6,01%";"-13,47%";"";"";""
"2016/03/11";"0,887505";"326834320";"0";"-0,6";"-0%";"0,39%";"-6,71%";"-12,47%";"";"";""
"2016/03/10";"0,886785";"326569172";"0";"0,73";"0%";"0,56%";"-6,87%";"-11,96%";"";"";""
"2016/03/09";"0,888185";"327084738";"0";"-0,74";"-0%";"0,9%";"-6,86%";"-12,08%";"";"";""
"2016/03/08";"0,887495";"326830638";"0";"0,48";"0%";"0,85%";"-7,29%";"-12,02%";"";"";""
"2016/03/07";"0,890799";"328047375";"0";"0,19";"0%";"1,32%";"-7,82%";"-11,69%";"";"";""
"2016/03/04";"0,889685";"327637131";"0";"-152484,09";"-0,05%";"1,32%";"-7,83%";"-11,58%";"";"";""
"2016/03/03";"0,890774";"328190839";"0";"24999,92";"0,01%";"1,08%";"-6,72%";"-11,32%";"";"";""
"2016/03/02";"0,890569";"328090316";"0";"-0,65";"-0%";"0,95%";"-7%";"-11,69%";"";"";""
"2016/03/01";"0,890143";"327933376";"0";"0,45";"0%";"0,98%";"-7,29%";"-11,69%";"";"";""
"2016/02/29";"0,891215";"328328306";"0";"-2360177,58";"-0,71%";"1,03%";"-6,26%";"-11,59%";"";"";""
"2016/02/26";"0,890289";"330344888";"0";"466500";"0,14%";"0,61%";"-7,3%";"-11,5%";"";"";""
"2016/02/25";"0,890729";"330041421";"0";"-658959,45";"-0,2%";"0,72%";"-7,24%";"-11,36%";"";"";""
"2016/02/24";"0,893341";"331670136";"0";"-0,03";"-0%";"1,18%";"-8,07%";"-11,45%";"";"";""
"2016/02/23";"0,892784";"331463339";"0";"-0,39";"-0%";"1,03%";"-8,23%";"-11,3%";"";"";""
"2016/02/22";"0,895244";"332376662";"0";"0,57";"0%";"1,4%";"-7,97%";"-10,84%";"";"";""
"2016/02/19";"0,893646";"331783373";"0";"-0,56";"-0%";"1,16%";"-8,14%";"-10,87%";"";"";""
"2016/02/18";"0,894431";"332074820";"0";"-994327,65";"-0,3%";"1,26%";"-8,02%";"-10,66%";"";"";""
"2016/02/17";"0,891902";"332127396";"0";"0,06";"0%";"0,69%";"-7,8%";"-10,79%";"";"";""
"2016/02/16";"0,891477";"331969134";"0";"-279483,17";"-0,08%";"0,79%";"-7,34%";"-10,77%";"";"";""
"2016/02/15";"0,891399";"332219547";"0";"0,73";"0%";"0,76%";"-7,34%";"-10,95%";"";"";""
"2016/02/12";"0,90148";"335976680";"0";"0,22";"0%";"2,05%";"-5,81%";"-9,88%";"";"";""
"2016/02/11";"0,905529";"337485720";"0";"-0,14";"-0%";"2,38%";"-5,62%";"-9,25%";"";"";""
"2016/02/10";"0,892241";"332533355";"0";"-0,43";"-0%";"0,74%";"-6,35%";"-10,65%";"";"";""
"2016/02/09";"0,894832";"333499007";"0";"-894798,03";"-0,27%";"0,96%";"-6,65%";"-10,18%";"";"";""
"2016/02/08";"0,886642";"331333247";"0";"-286125,74";"-0,09%";"-0,04%";"-7,51%";"-11,13%";"";"";""
"2016/02/05";"0,877654";"328257706";"0";"-4699301,47";"-1,42%";"-1,04%";"-8,69%";"-12,31%";"";"";""
"2016/02/04";"0,871937";"330788140";"0";"-0,47";"-0%";"-1,93%";"-9,03%";"-12,91%";"";"";""
"2016/02/03";"0,876976";"332699794";"0";"0,5";"0%";"-1,58%";"-8,73%";"-12,61%";"";"";""
"2016/02/02";"0,876423";"332490001";"0";"-47118,25";"-0,01%";"-1,73%";"-8,64%";"-12,96%";"";"";""
"2016/02/01";"0,874182";"331686827";"0";"-9967,81";"-0%";"-2,25%";"-8,88%";"-13,16%";"";"";""
"2016/01/29";"0,873491";"331434604";"0";"-275202,04";"-0,08%";"-2,43%";"-8,69%";"-13,23%";"";"";""
"2016/01/28";"0,881119";"334606553";"0";"0,16";"0%";"-2,58%";"-7,84%";"-12,32%";"";"";""
"2016/01/27";"0,882843";"335261245";"0";"-334747,74";"-0,1%";"-1,96%";"-8,22%";"-12,28%";"";"";""
"2016/01/26";"0,885219";"336499184";"0";"0,15";"0%";"-1,63%";"-7,83%";"-11,86%";"";"";""
"2016/01/25";"0,88364";"335898957";"0";"0,48";"0%";"-2,38%";"-7,99%";"-11,97%";"";"";""
"2016/01/22";"0,885033";"336428479";"0";"-0,1";"-0%";"-2,23%";"-7,85%";"-11,7%";"";"";""
"2016/01/21";"0,896559";"340809869";"0";"0,18";"0%";"-0,96%";"-6,21%";"-10,52%";"";"";""
"2016/01/20";"0,90011";"342159714";"0";"-504061,68";"-0,15%";"-1,09%";"-5,74%";"-10,28%";"";"";""
"2016/01/19";"0,891397";"339346815";"0";"-187193,62";"-0,05%";"-2,18%";"-6,6%";"-11,06%";"";"";""
"2016/01/18";"0,896878";"341621727";"0";"95083,78";"0,03%";"-1,89%";"-6,03%";"-10,56%";"";"";""
"2016/01/15";"0,89764";"341816809";"0";"21621191,65";"6,79%";"-2,16%";"-6,23%";"-10,36%";"";"";""
"2016/01/14";"0,892825";"318478067";"0";"1149998,82";"0,36%";"-2,5%";"-6,95%";"-10,85%";"";"";""
"2016/01/13";"0,894131";"317792247";"0";"-1412727,02";"-0,44%";"-2,08%";"-6,67%";"-10,64%";"";"";""
"2016/01/12";"0,898383";"320722939";"0";"-50564,72";"-0,02%";"-1,85%";"-6,16%";"-10,28%";"";"";""
"2016/01/11";"0,891381";"318273394";"0";"199998,84";"0,06%";"-2,79%";"-6,89%";"-10,96%";"";"";""
"2016/01/08";"0,892359";"318422377";"0";"74999,06";"0,02%";"-2,84%";"-7,59%";"-10,88%";"";"";""
"2016/01/07";"0,894828";"319228189";"0";"0,27";"0%";"-2,53%";"-7,99%";"-10,62%";"";"";""
"2016/01/06";"0,891659";"318097654";"0";"-0,14";"-0%";"-2,95%";"-8,03%";"-10,89%";"";"";""
"2016/01/05";"0,888178";"316855814";"0";"0,07";"0%";"-3,8%";"-9,03%";"-11,2%";"";"";""
"2016/01/04";"0,886431";"316232575";"0";"-159557,18";"-0,05%";"-5,39%";"-9,21%";"-11,4%";"";"";""
"2015/12/31";"0,881524";"314640686";"0";"1989999,06";"0,64%";"-6,24%";"-9,51%";"-11,89%";"";"";""
"2015/12/30";"0,882878";"313130911";"0";"-0,35";"-0%";"-6,1%";"-9,37%";"-11,75%";"";"";""
"2015/12/29";"0,883711";"313426352";"0";"-0,01";"-0%";"-6,74%";"-9,22%";"-11,66%";"";"";""
"2015/12/28";"0,88488";"313840962";"0";"-221219,65";"-0,07%";"-6,17%";"-11,28%";"-11,53%";"";"";""
"2015/12/23";"0,882267";"313134774";"0";"624999,15";"0,2%";"-6,61%";"-12,21%";"-11,79%";"";"";""
"2015/12/22";"0,884468";"313289396";"0";"-636481,78";"-0,2%";"-6,23%";"-11,55%";"-11,56%";"";"";""
"2015/12/21";"0,886138";"314518614";"0";"-1743848,83";"-0,55%";"-5,94%";"-11,32%";"-11,36%";"";"";""
"2015/12/18";"0,88439";"315638602";"0";"0,54";"0%";"-5,99%";"-11,76%";"-11,53%";"";"";""
"2015/12/17";"0,882339";"314906600";"0";"49662,62";"0,02%";"-6,47%";"-12,35%";"-11,71%";"";"";""
"2015/12/16";"0,88199";"314732399";"0";"1013728,38";"0,32%";"-6,62%";"-12,3%";"-11,77%";"";"";""
"2015/12/15";"0,882028";"313732187";"0";"200000,53";"0,06%";"-7,06%";"-12,18%";"-11,82%";"";"";""
"2015/12/14";"0,884342";"314354738";"0";"-0,45";"-0%";"-6,92%";"-12,4%";"-11,57%";"";"";""
"2015/12/11";"0,88408";"314261606";"0";"124998,63";"0,04%";"-7,07%";"-12,39%";"-11,59%";"";"";""
"2015/12/10";"0,881858";"313347073";"0";"190000,03";"0,06%";"-7,38%";"-12,55%";"-11,8%";"";"";""
"2015/12/09";"0,880239";"312582149";"0";"-0,33";"-0%";"-7,69%";"-12,73%";"-11,96%";"";"";""
"2015/12/08";"0,880046";"312513613";"0";"-0,06";"-0%";"-8,07%";"-13,04%";"-11,96%";"";"";""
"2015/12/07";"0,879177";"312205022";"0";"-602077,4";"-0,19%";"-9,02%";"-12,8%";"-12,05%";"";"";""
"2015/12/04";"0,878099";"312423552";"0";"0,19";"0%";"-9,03%";"-12,96%";"-12,14%";"";"";""
"2015/12/03";"0,88125";"313544663";"0";"79999,63";"0,03%";"-7,72%";"-12,81%";"-11,83%";"";"";""
"2015/12/02";"0,882172";"313792623";"0";"-153915,17";"-0,05%";"-7,88%";"-12,62%";"-11,74%";"";"";""
"2015/12/01";"0,881545";"313723402";"0";"0,1";"0%";"-8,19%";"-12,36%";"-11,83%";"";"";""
"2015/11/30";"0,882495";"314061487";"0";"-40868037,71";"-11,52%";"-7,18%";"-11,79%";"-11,75%";"";"";""
"2015/11/27";"0,882168";"354798009";"0";"-2177279,8";"-0,61%";"-6,89%";"-12,52%";"-11,78%";"";"";""
"2015/11/26";"0,884921";"358089309";"0";"199999,4";"0,06%";"-7,86%";"-12,25%";"-11,51%";"";"";""
"2015/11/25";"0,88433";"357650291";"0";"5000,94";"0%";"-7,91%";"-12,37%";"";"";"";""
"2015/11/24";"0,882888";"357062109";"0";"-3622859,32";"-1%";"-9,15%";"-12,52%";"";"";"";""
"2015/11/23";"0,883682";"361009340";"0";"-2457993,73";"-0,68%";"-9,16%";"-12,44%";"";"";"";""
"2015/11/20";"0,882867";"363132116";"0";"-448760,7";"-0,12%";"-9,25%";"-12,12%";"";"";"";""
"2015/11/19";"0,883394";"363797905";"0";"-0,02";"-0%";"-9,19%";"-12,02%";"";"";"";""
"2015/11/18";"0,883284";"363752605";"0";"-184544,8";"-0,05%";"-9,16%";"-11,74%";"";"";"";""
"2015/11/17";"0,885816";"364980403";"0";"-1111355,53";"-0,3%";"-8,43%";"-11,86%";"";"";"";""
"2015/11/16";"0,884516";"365554492";"0";"99999,39";"0,03%";"-8,06%";"-11,99%";"";"";"";""
"2015/11/13";"0,88469";"365526384";"0";"-126617,16";"-0,03%";"-7,82%";"-12%";"";"";"";""
"2015/11/12";"0,883353";"365100403";"0";"-8988584,94";"-2,4%";"-7,71%";"-12,04%";"";"";"";""
"2015/11/11";"0,884512";"374579810";"0";"-233194,85";"-0,06%";"-7,81%";"-11,78%";"";"";"";""
"2015/11/10";"0,885701";"375316845";"0";"-2305367,86";"-0,61%";"-7,04%";"-11,66%";"";"";"";""
"2015/11/09";"0,886351";"377899343";"0";"128411,82";"0,03%";"-7,54%";"-11,6%";"";"";"";""
"2015/11/06";"0,887029";"378059901";"0";"-0,19";"-0%";"-7,61%";"-11,52%";"";"";"";""
"2015/11/05";"0,886856";"377986167";"0";"-882491,67";"-0,23%";"-7,73%";"-11,9%";"";"";"";""
"2015/11/04";"0,889095";"379825169";"0";"0,04";"0%";"-7,24%";"-12,56%";"";"";"";""
"2015/11/03";"0,891078";"380672315";"0";"-55913,73";"-0,01%";"-7,26%";"-11,86%";"";"";"";""
"2015/11/02";"0,891873";"381067906";"0";"-99384,18";"-0,03%";"-7,03%";"-11,78%";"";"";"";""
"2015/10/30";"0,89433";"382217359";"0";"-93390,59";"-0,02%";"-6,89%";"-11,54%";"";"";"";""
"2015/10/29";"0,895269";"382712156";"0";"-889442,01";"-0,23%";"-6,42%";"-11,92%";"";"";"";""
"2015/10/28";"0,904468";"387543152";"0";"7046,78";"0%";"-5,4%";"-11,42%";"";"";"";""
"2015/10/27";"0,900451";"385814947";"0";"-0,15";"-0%";"-6,39%";"-12,16%";"";"";"";""
"2015/10/26";"0,899915";"385585288";"0";"79999,86";"0,02%";"-6,3%";"-12,14%";"";"";"";""
"2015/10/22";"0,905214";"387775272";"0";"-2603563,18";"-0,67%";"-5,75%";"-11,94%";"";"";"";""
"2015/10/21";"0,905268";"390402123";"0";"-58364,54";"-0,01%";"-5,3%";"-11,65%";"";"";"";""
"2015/10/20";"0,909999";"392501064";"0";"-2045272,63";"-0,52%";"-4,71%";"-10,99%";"";"";"";""
"2015/10/19";"0,911264";"395094800";"0";"0,69";"0%";"-4,52%";"-10,24%";"";"";"";""
"2015/10/16";"0,914169";"396354314";"0";"-0,7";"-0%";"-4,36%";"-11,33%";"";"";"";""
"2015/10/15";"0,917466";"397783788";"0";"-0,16";"-0%";"-4,16%";"-11,23%";"";"";"";""
"2015/10/14";"0,91574";"397035450";"0";"0,14";"0%";"-4,56%";"-11,11%";"";"";"";""
"2015/10/13";"0,913083";"395883460";"0";"0,2";"0%";"-4,69%";"-11,52%";"";"";"";""
"2015/10/12";"0,915362";"396871561";"0";"308316,53";"0,08%";"-4,38%";"-11,25%";"";"";"";""
"2015/10/09";"0,916944";"397248616";"0";"-300519,51";"-0,08%";"-4,73%";"-10,74%";"";"";"";""
"2015/10/08";"0,918466";"398209012";"0";"-6109385,21";"-1,51%";"-4,89%";"-10,4%";"";"";"";""
"2015/10/07";"0,918028";"404125585";"0";"24999,68";"0,01%";"-5,6%";"-10,07%";"";"";"";""
"2015/10/06";"0,918801";"404440847";"0";"0,04";"0%";"-5,23%";"-9,61%";"";"";"";""
"2015/10/05";"0,923275";"406410227";"0";"-481544,42";"-0,12%";"-5,44%";"-9,17%";"";"";"";""
"2015/10/02";"0,936917";"412903867";"0";"0,59";"0%";"-4,27%";"-7,86%";"";"";"";""
"2015/10/01";"0,93908";"413857111";"0";"1002286,19";"0,24%";"-4,54%";"-7,56%";"";"";"";""
"2015/09/30";"0,940241";"413365244";"0";"-93158,76";"-0,02%";"-3,48%";"-7,78%";"";"";"";""
"2015/09/29";"0,947568";"416680353";"0";"-18226,78";"-0%";"-2,66%";"-6,11%";"";"";"";""
"2015/09/28";"0,943082";"414725835";"0";"0,26";"0%";"-5,44%";"-6,56%";"";"";"";""
"2015/09/25";"0,939841";"413300586";"0";"-0,03";"-0%";"-5,97%";"-7,11%";"";"";"";""
"2015/09/24";"0,947943";"416863488";"0";"-0,39";"-0%";"-5,48%";"-7,23%";"";"";"";""
"2015/09/23";"0,944762";"415464625";"0";"-0,09";"-0%";"-5,99%";"-7,35%";"";"";"";""
"2015/09/22";"0,94321";"414782124";"0";"0,02";"0%";"-5,68%";"-8,16%";"";"";"";""
"2015/09/21";"0,942104";"414295754";"0";"0,08";"0%";"-5,72%";"-8,27%";"";"";"";""
"2015/09/18";"0,940752";"413701204";"0";"-288427,32";"-0,07%";"-6,13%";"-7,79%";"";"";"";""
"2015/09/17";"0,943389";"415150076";"0";"-4649024,02";"-1,11%";"-6,28%";"-7,74%";"";"";"";""
"2015/09/16";"0,944543";"420312619";"0";"-0,13";"-0%";"-6,08%";"-7,94%";"";"";"";""
"2015/09/15";"0,949062";"422323531";"0";"-0,68";"-0%";"-5,5%";"-6,81%";"";"";"";""
"2015/09/14";"0,950076";"422774752";"0";"-1222344,02";"-0,29%";"-5,89%";"-6,71%";"";"";"";""
"2015/09/11";"0,951296";"424541554";"0";"0,4";"0%";"-5,73%";"-6,18%";"";"";"";""
"2015/09/10";"0,952171";"424932046";"0";"-406085,35";"-0,1%";"-5,57%";"-5,47%";"";"";"";""
"2015/09/09";"0,953609";"425980491";"0";"-0,44";"-0%";"-5,46%";"-5,6%";"";"";"";""
"2015/09/08";"0,957324";"427639995";"0";"1127,94";"0%";"-5,41%";"-5,1%";"";"";"";""
"2015/09/07";"0,966331";"431662315";"0";"0,16";"0%";"-4,15%";"-4,2%";"";"";"";""
"2015/09/04";"0,965242";"431175856";"0";"-0,1";"-0%";"-4,32%";"-4,07%";"";"";"";""
"2015/09/03";"0,954969";"426586883";"";"-4722259,62";"-1,09%";"-5,52%";"-4,93%";"";"";"";""
"2015/09/02";"0,957613";"432503298";"0";"-0,4";"-0%";"-5,14%";"-5,04%";"";"";"";""
"2015/09/01";"0,960177";"433661322";"0";"122088,22";"0,03%";"-4,55%";"-4,75%";"";"";"";""
"2015/08/31";"0,952633";"430132966";"0";"-0,59";"-0%";"-4,78%";"-5,5%";"";"";"";""
"2015/08/28";"0,950715";"429266951";"0";"-683363,44";"-0,16%";"-5,22%";"-5,69%";"";"";"";""
"2015/08/27";"0,947419";"428459735";"0";"-104216,2";"-0,02%";"-6,04%";"-6,01%";"";"";"";""
"2015/08/26";"0,960439";"434453534";"0";"-78171,42";"-0,02%";"-4,76%";"-4,53%";"";"";"";""
"2015/08/25";"0,96028";"434459769";"0";"4734299,53";"1,09%";"-4,85%";"-4,44%";"";"";"";""
"2015/08/24";"0,971755";"434860534";"0";"905330,37";"0,21%";"-3,71%";"-3,67%";"";"";"";""
"2015/08/19";"0,972811";"434426780";"0";"-569656,18";"-0,13%";"-3,11%";"-2,97%";"";"";"";""
"2015/08/18";"0,972401";"434813103";"0";"4487505,49";"1,03%";"-2,83%";"-2,88%";"";"";"";""
"2015/08/17";"0,96738";"428103608";"0";"49998,73";"0,01%";"-3,74%";"-3,24%";"";"";"";""
"2015/08/14";"0,962059";"425699133";"0";"-93848,59";"-0,02%";"-4,22%";"-3,89%";"";"";"";""
"2015/08/13";"0,959749";"424770610";"0";"249997,33";"0,06%";"-4,53%";"-4,12%";"";"";"";""
"2015/08/12";"0,95711";"423353318";"0";"0,2";"0%";"-4,69%";"-4,32%";"";"";"";""
"2015/08/11";"0,959421";"424375530";"0";"199999,68";"0,05%";"-4,31%";"-3,85%";"";"";"";""
"2015/08/10";"0,952781";"421239879";"0";"750000";"0,18%";"-4,97%";"-4,59%";"";"";"";""
"2015/08/07";"0,958617";"423065475";"0";"355007";"0,08%";"-4,14%";"-3,92%";"";"";"";""
"2015/08/06";"0,960141";"423382489";"0";"48999,83";"0,01%";"-4,23%";"-3,77%";"";"";"";""
"2015/08/05";"0,961128";"423768665";"0";"9012,2";"0%";"-4,52%";"-3,97%";"";"";"";""
"2015/08/04";"0,958502";"422601854";"0";"-0,14";"-0%";"-5,74%";"-4,27%";"";"";"";""
"2015/08/03";"0,960813";"423620770";"0";"45157,92";"0,01%";"-4,96%";"-4,26%";"";"";"";""
"2015/07/31";"0,959348";"422929765";"0";"0,42";"0%";"-5,11%";"-4,7%";"";"";"";""
"2015/07/30";"0,960488";"423432335";"0";"49998,29";"0,01%";"-5%";"-4,59%";"";"";"";""
"2015/07/29";"0,956652";"421691431";"0";"-49745,25";"-0,01%";"-5,88%";"-4,97%";"";"";"";""
"2015/07/28";"0,956069";"421484160";"0";"0,29";"0%";"-6,37%";"-4,87%";"";"";"";""
"2015/07/27";"0,96188";"424045946";"0";"-29857805,32";"-7,04%";"-6,17%";"-4,42%";"";"";"";""
"2015/07/24";"0,960379";"453195441";"0";"400886,17";"0,09%";"-6,24%";"-4,32%";"";"";"";""
"2015/07/23";"0,958284";"451806815";"0";"0,5";"0%";"-6,5%";"-4,53%";"";"";"";""
"2015/07/22";"0,960412";"452810113";"0";"-0,47";"-0%";"-6,57%";"-4,18%";"";"";"";""
"2015/07/21";"0,955936";"450699792";"0";"0,21";"0%";"-6,7%";"-4,59%";"";"";"";""
"2015/07/20";"0,954953";"450236332";"0";"0,4";"0%";"-6,59%";"-4,82%";"";"";"";""
"2015/07/17";"0,9544";"449975606";"0";"18013,32";"0%";"-5,99%";"-4,82%";"";"";"";""
"2015/07/16";"0,955824";"450628946";"0";"-167006,82";"-0,04%";"-7,29%";"-4,68%";"";"";"";""
"2015/07/15";"0,957256";"451471328";"0";"209005,84";"0,05%";"-7,38%";"-4,41%";"";"";"";""
"2015/07/14";"0,959506";"452323000";"0";"-100155,74";"-0,02%";"-6,86%";"-4,19%";"";"";"";""
"2015/07/13";"0,958059";"451740871";"0";"186038,04";"0,04%";"-7,16%";"-4,26%";"";"";"";""
"2015/07/10";"0,957312";"451202755";"0";"-269190,5";"-0,06%";"-7,18%";"-4,38%";"";"";"";""
"2015/07/09";"0,962434";"453887500";"0";"-19743338,66";"-4,35%";"-6,31%";"-3,87%";"";"";"";""
"2015/07/08";"0,965656";"475216442";"0";"-1449760,05";"-0,31%";"-5,8%";"-3,56%";"";"";"";""
"2015/07/07";"0,972497";"480043050";"0";"0,12";"0%";"-4,73%";"-2,87%";"";"";"";""
"2015/07/06";"0,969533";"478579963";"0";"0";"0%";"-4,62%";"-3,11%";"";"";"";""
"2015/07/03";"0,976345";"481942496";"0";"372599,31";"0,08%";"-3,95%";"-2,41%";"";"";"";""
"2015/07/02";"0,978667";"482715194";"0";"-58119,96";"-0,01%";"-3,75%";"-2,18%";"";"";"";""
"2015/07/01";"0,983741";"485276302";"0";"999999,61";"0,21%";"-3,17%";"-1,67%";"";"";"";""
"2015/06/30";"0,974178";"479568626";"0";"-2662891,61";"-0,56%";"-4,45%";"-2,62%";"";"";"";""
"2015/06/29";"0,97348";"481885998";"0";"-0,1";"-0%";"-3,55%";"-2,69%";"";"";"";""
"2015/06/26";"0,997377";"493715342";"0";"-520094,01";"-0,11%";"-0,83%";"-0,28%";"";"";"";""
"2015/06/25";"0,99952";"495297368";"0";"-10443,53";"-0%";"-1,21%";"-0,07%";"";"";"";""
"2015/06/24";"1,002924";"496994649";"0";"-14112,77";"-0%";"-1,85%";"0,27%";"";"";"";""
"2015/06/23";"1,004995";"498035066";"0";"-251248,63";"-0,05%";"-1,44%";"0,48%";"";"";"";""
"2015/06/22";"1,000005";"495812224";"0";"-0,11";"-0%";"-2,63%";"-0%";"";"";"";""
"2015/06/19";"0,999275";"495450283";"0";"99999,31";"0,02%";"-2,19%";"-0,05%";"";"";"";""
"2015/06/18";"1,002212";"496806183";"0";"499999,32";"0,1%";"-1,77%";"0,26%";"";"";"";""
"2015/06/17";"1,00664";"498498977";"0";"0,39";"0%";"-1,55%";"0,73%";"";"";"";""
"2015/06/16";"1,005674";"498020603";"0";"-49830,45";"-0,01%";"-1,98%";"0,6%";"";"";"";""
"2015/06/15";"1,004347";"497413223";"0";"-139936,38";"-0,03%";"-1,39%";"0,41%";"";"";"";""
"2015/06/12";"1,009523";"500117348";"0";"-0,44";"-0%";"-0,61%";"0,95%";"";"";"";""
"2015/06/11";"1,009069";"499892437";"0";"318098,89";"0,06%";"-0,48%";"0,91%";"";"";"";""
"2015/06/10";"1,008357";"499221838";"0";"-0,87";"-0%";"0,11%";"0,85%";"";"";"";""
"2015/06/09";"1,008631";"499357492";"0";"0,53";"0%";"-0,16%";"0,88%";"";"";"";""
"2015/06/08";"1,012037";"501043749";"0";"-6672180,12";"-1,33%";"0,33%";"1,24%";"";"";"";""
"2015/06/05";"1,008211";"505796512";"0";"0,62";"0%";"-0,15%";"0,86%";"";"";"";""
"2015/06/04";"1,008869";"506126615";"0";"-0,76";"-0%";"0,26%";"0,94%";"";"";"";""
"2015/06/03";"1,010752";"507071274";"0";"1573518,19";"0,31%";"0,63%";"1,13%";"";"";"";""
"2015/06/02";"1,009525";"504884108";"0";"121776,6";"0,02%";"0,11%";"1%";"";"";"";""
"2015/06/01";"1,005914";"502956832";"0";"342498,25";"0,07%";"-0,21%";"0,61%";"";"";"";""
"2015/05/29";"1,000459";"499888692";"0";"-367373,82";"-0,07%";"-0,75%";"0,05%";"";"";"";""
"2015/05/28";"1,003102";"501577636";"0";"-125364,43";"-0,02%";"-0,49%";"0,32%";"";"";"";""
"2015/05/27";"1,008372";"504338799";"0";"1479999,33";"0,29%";"0,03%";"0,84%";"";"";"";""
"2015/05/26";"1,008469";"502907172";"0";"-676469,4";"-0,13%";"0,25%";"0,85%";"";"";"";""
"2015/05/22";"1,009218";"503957658";"0";"0,61";"0%";"0,51%";"";"";"";"";""
"2015/05/21";"1,005486";"502094066";"0";"1499998,61";"0,3%";"0,14%";"";"";"";"";""
"2015/05/20";"1,004607";"500156446";"0";"17188303,76";"3,44%";"0,05%";"";"";"";"";""
"2015/05/19";"1,004081";"482715266";"0";"1485148,3";"0,31%";"0,15%";"";"";"";"";""
"2015/05/18";"1,000767";"479641803";"0";"-604444,03";"-0,13%";"-0,04%";"";"";"";"";""
"2015/05/15";"1,004962";"482259336";"0";"-3186740,66";"-0,66%";"0,4%";"";"";"";"";""
"2015/05/14";"1,004481";"485213730";"0";"1780966,35";"0,37%";"0,35%";"";"";"";"";""
"2015/05/13";"1,005297";"483825485";"0";"77999,69";"0,02%";"0,43%";"";"";"";"";""
"2015/05/12";"1,004248";"483242708";"0";"-802797,71";"-0,17%";"0,4%";"";"";"";"";""
"2015/05/11";"1,00262";"483260813";"0";"-2970691,25";"-0,61%";"0,48%";"";"";"";"";""
"2015/05/08";"1,002652";"486247023";"0";"-0,62";"-0%";"0,49%";"";"";"";"";""
"2015/05/07";"1,000033";"484976911";"0";"-1270387,7";"-0,26%";"0,23%";"";"";"";"";""
"2015/05/06";"1,002564";"487477950";"0";"364998,86";"0,07%";"0,48%";"";"";"";"";""
"2015/05/05";"1,006646";"489096261";"0";"4171117,93";"0,85%";"0,58%";"";"";"";"";""
"2015/05/04";"1,01686";"489845468";"0";"199968,25";"0,04%";"1,56%";"";"";"";"";""
"2015/04/30";"1,010989";"486818455";"0";"9431404,2";"1,94%";"0,43%";"";"";"";"";""
"2015/04/29";"1,016468";"479974224";"0";"-2032936,19";"-0,42%";"0,97%";"";"";"";"";""
"2015/04/28";"1,021117";"484211707";"0";"1130964,34";"0,23%";"1,61%";"";"";"";"";""
"2015/04/27";"1,025077";"484954181";"0";"5965591,85";"1,23%";"1,86%";"";"";"";"";""
"2015/04/24";"1,02429";"478620847";"0";"999999,93";"0,21%";"2,04%";"";"";"";"";""
"2015/04/23";"1,024945";"477926270";"0";"7075544,37";"1,48%";"2,11%";"";"";"";"";""
"2015/04/22";"1,027975";"472242681";"0";"-9261813,67";"-1,96%";"2,56%";"";"";"";"";""
"2015/04/21";"1,024629";"479937225";"0";"4827046,9";"1,01%";"2,27%";"";"";"";"";""
"2015/04/20";"1,022378";"474066412";"0";"3185073,35";"0,67%";"1,9%";"";"";"";"";""
"2015/04/17";"1,015191";"467571189";"0";"1499999,72";"0,32%";"1,24%";"";"";"";"";""
"2015/04/16";"1,031026";"473340991";"";"25902198,58";"5,47%";"2,82%";"";"";"";"";""
"2015/04/15";"1,033572";"448543691";"0";"23096268,73";"5,15%";"3,21%";"";"";"";"";""
"2015/04/14";"1,03017";"424047063";"0";"5285752,25";"1,25%";"2,87%";"";"";"";"";""
"2015/04/13";"1,03192";"419472681";"0";"1394425,53";"0,33%";"3,13%";"";"";"";"";""
"2015/04/10";"1,031362";"417852184";"0";"12080118,26";"2,89%";"3,02%";"";"";"";"";""
"2015/04/09";"1,027233";"404147580";"0";"20277951,46";"5,02%";"2,61%";"";"";"";"";""
"2015/04/08";"1,025112";"383077026";"0";"183435,87";"0,05%";"2,38%";"";"";"";"";""
"2015/04/07";"1,020825";"381292336";"0";"4985044,87";"1,31%";"1,96%";"";"";"";"";""
"2015/04/03";"1,016508";"374715913";"0";"8254571,91";"2,2%";"1,6%";"";"";"";"";""
"2015/04/02";"1,016798";"366565889";"0";"6032149,49";"1,65%";"1,63%";"";"";"";"";""
"2015/04/01";"1,015921";"360222775";"0";"630666,34";"0,18%";"1,55%";"";"";"";"";""
"2015/03/31";"1,014456";"359073562";"0";"13388251,47";"3,73%";"1,4%";"";"";"";"";""
"2015/03/30";"1,019564";"347425909";"";"10025548,91";"2,89%";"1,91%";"";"";"";"";""
"2015/03/27";"1,009278";"333996454";"";"6746764,42";"2,02%";"0,91%";"";"";"";"";""
"2015/03/26";"1,00575";"326105766";"";"-0,01";"-0%";"0,56%";"";"";"";"";""
"2015/03/25";"1,011753";"328052187";"";"334780,21";"0,1%";"1,16%";"";"";"";"";""
"2015/03/24";"1,021805";"330973355";"";"4154998,48";"1,26%";"2,16%";"";"";"";"";""
"2015/03/23";"1,019678";"326138048";"";"26992332,51";"8,28%";"1,95%";"";"";"";"";""
"2015/03/20";"1,027044";"301306699";"";"-13321101,64";"-4,42%";"2,73%";"";"";"";"";""
"2015/03/19";"1,021597";"312959150";"";"15330921,8";"4,9%";"2,18%";"";"";"";"";""
"2015/03/18";"1,020267";"297240751";"";"2630362,03";"0,88%";"2,06%";"";"";"";"";""
"2015/03/17";"1,022516";"295259806";"";"3736701,12";"1,27%";"2,32%";"";"";"";"";""
"2015/03/16";"1,026027";"292524104";"";"3903846,99";"1,33%";"2,64%";"";"";"";"";""
"2015/03/13";"1,018459";"286491387";"";"2375535,8";"0,83%";"1,84%";"";"";"";"";""
"2015/03/12";"1,015726";"283353436";"";"70000,82";"0,02%";"1,57%";"";"";"";"";""
"2015/03/11";"1,013923";"282780583";"";"-466282,31";"-0,16%";"1,39%";"";"";"";"";""
"2015/03/10";"1,007282";"281391653";"";"2139342,81";"0,76%";"0,75%";"";"";"";"";""
"2015/03/09";"1,010202";"280061832";"";"245773,27";"0,09%";"1,04%";"";"";"";"";""
"2015/03/06";"1,008745";"279412484";"";"7443334,21";"2,66%";"0,91%";"";"";"";"";""
"2015/03/05";"1,009676";"272220158";"";"5560362,44";"2,04%";"1,01%";"";"";"";"";""
"2015/03/04";"1,006239";"265752069";"";"13332566,55";"5,02%";"0,68%";"";"";"";"";""
"2015/03/03";"1,004463";"251973985";"";"1250483,41";"0,5%";"0,5%";"";"";"";"";""
"2015/03/02";"1,008403";"251706963";"";"502180,52";"0,2%";"0,88%";"";"";"";"";""
"2015/02/27";"1,008031";"251112113";"";"12606969,23";"5,02%";"0,8%";"";"";"";"";""
"2015/02/26";"1,005985";"238021050";"";"14433616,2";"6,06%";"0,6%";"";"";"";"";""
"2015/02/25";"1,004905";"223347396";"";"1203641,36";"0,54%";"";"";"";"";"";""
"2015/02/24";"1,008813";"223007655";"";"3147006,85";"1,41%";"";"";"";"";"";""
"2015/02/23";"1,006551";"219367668";"";"10728069,29";"4,89%";"";"";"";"";"";""
"2015/02/20";"1,00406";"208123260";"";"3565518,87";"1,71%";"";"";"";"";"";""
"2015/02/19";"1,002598";"204259887";"";"5077024,25";"2,49%";"";"";"";"";"";""
"2015/02/18";"1,001202";"198905524";"";"2030992,58";"1,02%";"";"";"";"";"";""
"2015/02/17";"0,999813";"196601401";"";"8424117,31";"4,28%";"";"";"";"";"";""
"2015/02/16";"0,999085";"188040265";"";"19827220,39";"10,54%";"";"";"";"";"";""
"2015/02/13";"1,000982";"168532437";"";"9540994,49";"5,66%";"";"";"";"";"";""
"2015/02/12";"1,000274";"158878987";"";"-0,02";"-0%";"";"";"";"";"";""
"2015/02/11";"0,997843";"158492858";"";"8502425,91";"5,36%";"";"";"";"";"";""
"2015/02/10";"0,99858";"150101214";"";"-249180,67";"-0,17%";"";"";"";"";"";""
"2015/02/09";"0,996303";"150007560";"";"11086060,34";"7,39%";"";"";"";"";"";""
"2015/02/06";"0,997734";"139121034";"";"2589375,66";"1,86%";"";"";"";"";"";""
"2015/02/05";"1,000845";"136957373";"";"452304,76";"0,33%";"";"";"";"";"";""
"2015/02/04";"1,001242";"136559215";"";"2549955,96";"1,87%";"";"";"";"";"";""
"2015/02/03";"1,003542";"134317098";"";"1642803,83";"1,22%";"";"";"";"";"";""
"2015/02/02";"1,006968";"133127232";"";"313448,1";"0,24%";"";"";"";"";"";""
"2015/01/30";"1,006663";"132773556";"";"250000,22";"0,19%";"";"";"";"";"";""
"2015/01/29";"1,006685";"132526452";"";"11052997,44";"8,34%";"";"";"";"";"";""
"2015/01/28";"1,004973";"121266873";"";"2999998,71";"2,47%";"";"";"";"";"";""
"2015/01/27";"1,006378";"118432217";"";"1890340,01";"1,6%";"";"";"";"";"";""
"2015/01/26";"1,00437";"116309344";"";"-214326,69";"-0,18%";"";"";"";"";"";""
"2015/01/23";"1,003789";"116456265";"";"-20091198,48";"-17,25%";"";"";"";"";"";""
"2015/01/22";"1,002307";"136345864";"";"99523,96";"0,07%";"";"";"";"";"";""
"2015/01/21";"1,001921";"136193870";"";"0,52";"0%";"";"";"";"";"";""
"2015/01/20";"1,003296";"136380777";"";"-70561,34";"-0,05%";"";"";"";"";"";""
"2015/01/19";"1,002209";"136303503";"";"-810770,6";"-0,59%";"";"";"";"";"";""
"2015/01/16";"1,002723";"137184595";"";"1620209,97";"1,18%";"";"";"";"";"";""
"2015/01/15";"1,001398";"135385250";"";"899998,34";"0,66%";"";"";"";"";"";""
"2015/01/14";"1,001463";"134493981";"";"519669,45";"0,39%";"";"";"";"";"";""
"2015/01/13";"1,000648";"133865282";"";"302000,06";"0,23%";"";"";"";"";"";""
"2015/01/12";"1,001313";"133652044";"";"5015541,21";"3,75%";"";"";"";"";"";""
"2015/01/09";"1,001151";"128615691";"";"147525,66";"0,11%";"";"";"";"";"";""
"2015/01/08";"1,001281";"128484847";"";"623116,75";"0,48%";"";"";"";"";"";""
"2015/01/07";"1,001199";"127851259";"";"-0,23";"-0%";"";"";"";"";"";""
"2015/01/06";"1,00062";"127777322";"";"950320,22";"0,74%";"";"";"";"";"";""
"2015/01/05";"1,000162";"126768951";"";"365799,51";"0,29%";"";"";"";"";"";""
"2014/12/31";"1,000456";"126440308";"";"2782148,93";"2,2%";"";"";"";"";"";""
"2014/12/30";"1,000416";"123653215";"";"54273343,73";"43,89%";"";"";"";"";"";""
"2014/12/29";"1,000344";"69374878";"";"15130442,55";"21,81%";"";"";"";"";"";""
"2014/12/23";"1,000187";"54235922";"";"864998,22";"1,59%";"";"";"";"";"";""
"2014/12/22";"1,000038";"53362973";"";"1683412,27";"3,15%";"";"";"";"";"";""
"2014/12/19";"0,999758";"51665091";"";"1941624,12";"3,76%";"";"";"";"";"";""
"2014/12/18";"0,999629";"49717051";"";"3758587,88";"7,56%";"";"";"";"";"";""
"2014/12/17";"0,999348";"45945544";"";"164240";"0,36%";"";"";"";"";"";""
"2014/12/16";"0,999634";"45794406";"";"815811,74";"1,78%";"";"";"";"";"";""
"2014/12/15";"1,000295";"45008336";"";"3818424,51";"8,48%";"";"";"";"";"";""
"2014/12/12";"1,000056";"41180070";"";"2188318,57";"5,31%";"";"";"";"";"";""
"2014/12/11";"1,000001";"38989607";"";"24277735,58";"62,27%";"";"";"";"";"";""
"2014/12/10";"0,999822";"14709238";"";"1672075,8";"11,37%";"";"";"";"";"";""
"2014/12/09";"0,999817";"13037097";"";"2339997,99";"17,95%";"";"";"";"";"";""
"2014/12/08";"0,999611";"10694895";"";"1165329,73";"10,9%";"";"";"";"";"";""
"2014/12/05";"0,999603";"9529489";"";"8024998,64";"84,21%";"";"";"";"";"";""
"2014/12/04";"0,999434";"1504236";"0";"504802";"33,56%";"";"";"";"";"";""
"2014/12/03";"0,999437";"999437";"0";"0";"0%";"";"";"";"";"";""
"2014/12/02";"0,999567";"999567";"0";"0";"0%";"";"";"";"";"";""
"2014/12/01";"0,999768";"999768";"0";"-0";"-0%";"";"";"";"";"";""
"2014/11/28";"0,999941";"999941";"0";"0";"0%";"";"";"";"";"";""
"2014/11/27";"1";"1000000";"0";"999999";"100%";"";"";"";"";"";""
"2014/11/26";"1";"1";"0";"1";"100%";"";"";"";"";"";""
