"Letöltés idõpontja";"2017.04.21. 17:13"
"Alap neve:";"Aegon Tempó Andante 2 Alapokba Fektetõ Részalap"
"Befektetési sorozat megjelölése:";""
"Befektetési jegy devizaneme:";"HUF"
"Kategória:";"Óvatos"
"Földrajzi kitettség:";"Globális"
"Devizális kitettség:";""
"Egyéb jellemzõ kitettség:";""
"Hozam/kockázat mutató:";"0"
"Bef. politika rövid leírása:";""
"Alap típusa:";"Nyilvános nyíltvégû"
"Alap fajtája:";"Alapok alapja"
"Alap indulási dátuma:";"2014/10/27"
"Alapkezelõ:";"AEGON Magyarország Befektetési Alapkezelõ Zrt."
"Letétkezelõ:";"UniCredit Bank Hungary Zrt."
"1 éves szórás:";"1,62%"
"5 éves szórás:";""
"Dátum";"Árfolyam";"NEÉ";"Kifizetett hozam";"Napi befjegy. forgalom";"Napi befjegy. forgalom változás(%)";"3 hónapos hozam";"6 hónapos hozam";"1 éves hozam";"3 éves hozam";"5 éves hozam";"10 éves hozam"
"2017/04/20";"1,082957";"88480203";"0";"-654,21";"-0%";"1,11%";"1,38%";"2,64%";"";"";""
"2017/04/19";"1,083318";"88510352";"0";"254003,16";"0,29%";"1,12%";"1,52%";"2,68%";"";"";""
"2017/04/18";"1,083297";"88254638";"0";"162858,4";"0,18%";"1,12%";"1,62%";"2,75%";"";"";""
"2017/04/13";"1,083094";"88075272";"0";"97933,48";"0,11%";"1,05%";"1,78%";"2,8%";"";"";""
"2017/04/12";"1,082442";"87924378";"0";"64227,97";"0,07%";"0,99%";"1,68%";"2,92%";"";"";""
"2017/04/11";"1,082703";"87881335";"0";"497370,05";"0,57%";"0,98%";"1,68%";"2,95%";"";"";""
"2017/04/10";"1,08272";"87385337";"0";"6043608,76";"7,43%";"1,08%";"1,62%";"3,03%";"";"";""
"2017/04/07";"1,082553";"81329182";"0";"301,03";"0%";"0,91%";"1,59%";"2,97%";"";"";""
"2017/04/06";"1,082309";"81310550";"0";"123309,42";"0,15%";"0,88%";"1,47%";"2,9%";"";"";""
"2017/04/05";"1,081495";"81126180";"0";"-66998,19";"-0,08%";"0,72%";"1,37%";"2,82%";"";"";""
"2017/04/04";"1,081279";"81176962";"0";"404630,03";"0,5%";"0,71%";"1,28%";"2,69%";"";"";""
"2017/04/03";"1,081182";"80765086";"0";"143747,52";"0,18%";"0,71%";"1,3%";"2,7%";"";"";""
"2017/03/31";"1,080061";"80537748";"0";"23407,26";"0,03%";"0,66%";"1,21%";"2,53%";"";"";""
"2017/03/30";"1,079763";"80492126";"0";"409619,94";"0,51%";"0,64%";"1,18%";"2,45%";"";"";""
"2017/03/29";"1,079037";"80028661";"0";"8575,57";"0,01%";"0,6%";"1,08%";"2,44%";"";"";""
"2017/03/28";"1,077567";"79911072";"0";"5075,63";"0,01%";"0,5%";"0,96%";"2,36%";"";"";""
"2017/03/27";"1,077";"79863951";"0";"-96,21";"-0%";"0,43%";"0,9%";"2,31%";"";"";""
"2017/03/24";"1,07635";"79815847";"0";"-33,1";"-0%";"0,35%";"0,77%";"2,25%";"";"";""
"2017/03/23";"1,075649";"79763898";"0";"85816,63";"0,11%";"0,28%";"0,7%";"2,18%";"";"";""
"2017/03/22";"1,074381";"79584155";"0";"9254,4";"0,01%";"0,16%";"0,53%";"2,25%";"";"";""
"2017/03/21";"1,074068";"79551718";"0";"-645,3";"-0%";"0,14%";"0,6%";"2,21%";"";"";""
"2017/03/20";"1,07447";"79582138";"0";"208621,02";"0,26%";"0,27%";"0,66%";"2,29%";"";"";""
"2017/03/17";"1,073961";"79335916";"0";"117554,08";"0,15%";"0,42%";"0,89%";"2,32%";"";"";""
"2017/03/16";"1,074104";"79228910";"0";"-963704,34";"-1,2%";"0,43%";"0,9%";"2,41%";"";"";""
"2017/03/14";"1,073655";"80159092";"0";"9024552,49";"12,68%";"0,38%";"0,93%";"2,45%";"";"";""
"2017/03/13";"1,073928";"71152627";"0";"22293,45";"0,03%";"0,42%";"0,88%";"2,47%";"";"";""
"2017/03/10";"1,073545";"71104966";"0";"-45,37";"-0%";"0,55%";"0,75%";"2,49%";"";"";""
"2017/03/09";"1,074125";"71143427";"0";"6497,73";"0,01%";"0,6%";"0,8%";"2,65%";"";"";""
"2017/03/08";"1,074914";"71189183";"0";"372631,66";"0,53%";"0,77%";"0,72%";"2,71%";"";"";""
"2017/03/07";"1,075287";"70841125";"0";"60325,63";"0,09%";"0,9%";"0,76%";"2,66%";"";"";""
"2017/03/06";"1,075432";"70790344";"0";"126882,05";"0,18%";"1,07%";"0,92%";"2,73%";"";"";""
"2017/03/03";"1,075681";"70679823";"0";"70548,2";"0,1%";"1,29%";"1,07%";"2,78%";"";"";""
"2017/03/02";"1,075435";"70593127";"0";"17,76";"0%";"1,26%";"1,04%";"2,79%";"";"";""
"2017/03/01";"1,075352";"70587661";"0";"-142194,5";"-0,2%";"1,17%";"1,02%";"2,78%";"";"";""
"2017/02/28";"1,074634";"70682630";"0";"4202,01";"0,01%";"1,11%";"0,99%";"2,85%";"";"";""
"2017/02/27";"1,074799";"70689280";"0";"-6,19";"-0%";"1,18%";"1,01%";"2,87%";"";"";""
"2017/02/24";"1,074448";"70666201";"0";"1946,48";"0%";"1,18%";"0,93%";"2,94%";"";"";""
"2017/02/23";"1,075101";"70707201";"0";"-13,82";"-0%";"1,33%";"0,99%";"3,12%";"";"";""
"2017/02/22";"1,074527";"70669464";"0";"39558,44";"0,06%";"1,31%";"0,94%";"3,03%";"";"";""
"2017/02/21";"1,073986";"70594345";"0";"23063,19";"0,03%";"1,37%";"0,88%";"3,12%";"";"";""
"2017/02/20";"1,073014";"70507412";"0";"-110,75";"-0%";"1,31%";"0,79%";"3,03%";"";"";""
"2017/02/17";"1,072672";"70485050";"0";"-397406,7";"-0,56%";"1,17%";"0,79%";"3,04%";"";"";""
"2017/02/16";"1,072763";"70888470";"0";"93656,59";"0,13%";"1,19%";"0,73%";"3,18%";"";"";""
"2017/02/15";"1,073248";"70826820";"0";"-2052576,51";"-2,82%";"1,12%";"0,76%";"3,27%";"";"";""
"2017/02/14";"1,073063";"72866834";"0";"-29,76";"-0%";"1,21%";"0,79%";"3,42%";"";"";""
"2017/02/13";"1,072669";"72840109";"0";"-1029302,44";"-1,39%";"0,95%";"0,75%";"3,38%";"";"";""
"2017/02/10";"1,072776";"73876780";"0";"-19115,77";"-0,03%";"0,83%";"0,86%";"3,41%";"";"";""
"2017/02/09";"1,072535";"73879295";"0";"-913,49";"-0%";"0,54%";"0,88%";"3,41%";"";"";""
"2017/02/08";"1,071834";"73831921";"0";"5752,77";"0,01%";"0,44%";"0,89%";"3,22%";"";"";""
"2017/02/07";"1,072099";"73844421";"0";"41,68";"0%";"0,45%";"0,93%";"3,18%";"";"";""
"2017/02/06";"1,072077";"73842864";"0";"512498,25";"0,7%";"0,52%";"0,93%";"3,18%";"";"";""
"2017/02/03";"1,072265";"73343225";"0";"53696,2";"0,07%";"0,46%";"1,07%";"3,06%";"";"";""
"2017/02/02";"1,071783";"73256584";"0";"1515219,51";"2,11%";"0,44%";"0,91%";"3,02%";"";"";""
"2017/02/01";"1,072436";"71785074";"0";"-15209,27";"-0,02%";"0,3%";"0,88%";"2,96%";"";"";""
"2017/01/31";"1,072644";"71814209";"0";"-4,77";"-0%";"0,32%";"0,89%";"3,11%";"";"";""
"2017/01/30";"1,072619";"71812540";"0";"-23,33";"-0%";"0,31%";"0,89%";"3,11%";"";"";""
"2017/01/27";"1,073173";"71849654";"0";"27,74";"0%";"0,36%";"0,99%";"3,49%";"";"";""
"2017/01/26";"1,072773";"71822846";"0";"-12891,84";"-0,02%";"0,27%";"0,96%";"3,5%";"";"";""
"2017/01/25";"1,072501";"71817524";"0";"-974,1";"-0%";"0,19%";"1,01%";"3,5%";"";"";""
"2017/01/24";"1,07179";"71770887";"0";"-19108";"-0,03%";"0,15%";"0,97%";"3,39%";"";"";""
"2017/01/23";"1,071145";"71746792";"0";"75531,39";"0,11%";"0,21%";"0,91%";"3,32%";"";"";""
"2017/01/20";"1,071107";"71668718";"0";"92753,44";"0,13%";"0,27%";"0,88%";"3,55%";"";"";""
"2017/01/19";"1,071372";"71593673";"0";"72657,57";"0,1%";"0,4%";"0,85%";"3,59%";"";"";""
"2017/01/18";"1,071267";"71514006";"0";"-30,45";"-0%";"0,49%";"0,82%";"3,58%";"";"";""
"2017/01/17";"1,071351";"71519644";"0";"-930,04";"-0%";"0,62%";"0,77%";"3,47%";"";"";""
"2017/01/16";"1,071413";"71524713";"0";"394453,52";"0,55%";"0,66%";"0,78%";"3,47%";"";"";""
"2017/01/13";"1,071828";"71157811";"0";"199501,92";"0,28%";"0,72%";"1%";"3,36%";"";"";""
"2017/01/12";"1,071867";"70960891";"0";"-306686,18";"-0,43%";"0,69%";"1,05%";"3,42%";"";"";""
"2017/01/11";"1,072208";"71290250";"0";"-173320,23";"-0,24%";"0,69%";"1,19%";"3,69%";"";"";""
"2017/01/10";"1,071106";"71390121";"0";"75507,54";"0,11%";"0,53%";"1,17%";"3,57%";"";"";""
"2017/01/09";"1,071567";"71345307";"0";"128797,57";"0,18%";"0,56%";"1,21%";"3,61%";"";"";""
"2017/01/06";"1,07282";"71299784";"0";"0,12";"0%";"0,58%";"1,43%";"3,53%";"";"";""
"2017/01/05";"1,073733";"71360462";"0";"-14713,96";"-0,02%";"0,65%";"1,62%";"3,57%";"";"";""
"2017/01/04";"1,073636";"71368728";"0";"-2,16";"-0%";"0,57%";"1,64%";"3,59%";"";"";""
"2017/01/03";"1,073604";"71366603";"0";"-43,64";"-0%";"0,59%";"1,63%";"3,54%";"";"";""
"2017/01/02";"1,073322";"71347901";"0";"40,25";"0%";"0,57%";"1,6%";"3,52%";"";"";""
"2016/12/30";"1,07293";"71321803";"0";"520972,88";"0,74%";"0,54%";"1,75%";"3,46%";"";"";""
"2016/12/29";"1,072598";"70778922";"0";"1850469,5";"2,69%";"0,48%";"1,77%";"3,38%";"";"";""
"2016/12/28";"1,072254";"68906346";"0";"-671455,82";"-0,96%";"0,46%";"1,89%";"3,38%";"";"";""
"2016/12/27";"1,072415";"69588249";"0";"0,75";"0%";"0,47%";"2,09%";"3,44%";"";"";""
"2016/12/23";"1,072616";"69601291";"0";"115401,47";"0,17%";"0,42%";"1,86%";"3,46%";"";"";""
"2016/12/22";"1,072623";"69486343";"0";"-431,53";"-0%";"0,37%";"1,97%";"3,57%";"";"";""
"2016/12/21";"1,072552";"69482175";"0";"3051768,57";"4,6%";"0,46%";"2,05%";"3,59%";"";"";""
"2016/12/20";"1,071594";"66371071";"0";"4546,39";"0,01%";"0,39%";"2,02%";"3,6%";"";"";""
"2016/12/19";"1,070284";"66285393";"0";"66282,77";"0,1%";"0,29%";"2%";"3,48%";"";"";""
"2016/12/16";"1,069513";"66171408";"0";"72446,49";"0,11%";"0,47%";"1,98%";"3,54%";"";"";""
"2016/12/15";"1,068704";"66048963";"0";"12106,05";"0,02%";"0,43%";"1,89%";"3,56%";"";"";""
"2016/12/14";"1,069548";"66089009";"0";"-154,42";"-0%";"0,55%";"1,96%";"3,63%";"";"";""
"2016/12/13";"1,069478";"66084838";"0";"-4754,65";"-0,01%";"0,47%";"1,82%";"3,54%";"";"";""
"2016/12/12";"1,067583";"65972489";"0";"-40053,46";"-0,06%";"0,28%";"1,55%";"3,36%";"";"";""
"2016/12/09";"1,067718";"66020890";"0";"959958,85";"1,48%";"0,2%";"1,5%";"3,07%";"";"";""
"2016/12/08";"1,066727";"65000545";"0";"-593143,36";"-0,91%";"-0,05%";"1,51%";"2,94%";"";"";""
"2016/12/07";"1,065701";"65530599";"0";"-27,16";"-0%";"-0,14%";"1,48%";"2,84%";"";"";""
"2016/12/06";"1,064064";"65429966";"0";"1798122,55";"2,83%";"-0,14%";"1,37%";"2,72%";"";"";""
"2016/12/05";"1,062952";"63565345";"0";"-55,36";"-0%";"-0,16%";"1,3%";"2,61%";"";"";""
"2016/12/02";"1,062025";"63509965";"0";"-506020,58";"-0,79%";"-0,22%";"1,24%";"2,15%";"";"";""
"2016/12/01";"1,062874";"64067161";"0";"-155541,73";"-0,24%";"-0,15%";"1,29%";"2,17%";"";"";""
"2016/11/30";"1,063918";"64285785";"0";"49,77";"0%";"-0,08%";"1,32%";"2,23%";"";"";""
"2016/11/29";"1,063535";"64262593";"0";"31669,52";"0,05%";"-0,06%";"1,31%";"2,18%";"";"";""
"2016/11/28";"1,062805";"64186836";"0";"19,79";"0%";"-0,12%";"1,24%";"2,11%";"";"";""
"2016/11/25";"1,062228";"64151969";"0";"-35,54";"-0%";"-0,15%";"1,2%";"2,06%";"";"";""
"2016/11/24";"1,06196";"64135819";"0";"26,29";"0%";"-0,24%";"1,1%";"2,01%";"";"";""
"2016/11/23";"1,061011";"64078479";"0";"7,08";"0%";"-0,34%";"1,08%";"1,86%";"";"";""
"2016/11/22";"1,060676";"64058240";"0";"296734,39";"0,47%";"-0,36%";"1,14%";"1,86%";"";"";""
"2016/11/21";"1,059513";"63691593";"0";"26011,74";"0,04%";"-0,48%";"1,03%";"1,75%";"";"";""
"2016/11/18";"1,059186";"63645932";"0";"49,97";"0%";"-0,52%";"0,95%";"1,81%";"";"";""
"2016/11/17";"1,060315";"63713723";"0";"559744,3";"0,89%";"-0,37%";"1,09%";"1,93%";"";"";""
"2016/11/16";"1,060198";"63147010";"0";"-29267,38";"-0,05%";"-0,45%";"1,07%";"2,02%";"";"";""
"2016/11/15";"1,061411";"63248559";"0";"12800,99";"0,02%";"-0,35%";"1,19%";"2,21%";"";"";""
"2016/11/14";"1,060269";"63167721";"0";"-36500";"-0,06%";"-0,41%";"1,08%";"2,1%";"";"";""
"2016/11/11";"1,062583";"63342162";"0";"145780,63";"0,23%";"-0,19%";"1,24%";"2,33%";"";"";""
"2016/11/10";"1,06394";"63277088";"0";"1000014,8";"1,6%";"0,03%";"1,31%";"2,43%";"";"";""
"2016/11/09";"1,066726";"62440150";"0";"-26,1";"-0%";"0,33%";"1,54%";"2,69%";"";"";""
"2016/11/08";"1,067188";"62467219";"0";"-640,05";"-0%";"0,45%";"1,64%";"2,67%";"";"";""
"2016/11/07";"1,067315";"62475293";"0";"49521,92";"0,08%";"0,48%";"1,65%";"2,68%";"";"";""
"2016/11/04";"1,066576";"62382548";"0";"-233,05";"-0%";"0,49%";"1,73%";"2,51%";"";"";""
"2016/11/03";"1,067341";"62427525";"0";"143688,45";"0,23%";"0,61%";"1,72%";"2,65%";"";"";""
"2016/11/02";"1,067091";"62269248";"0";"-9317,97";"-0,01%";"0,47%";"1,67%";"2,63%";"";"";""
"2016/10/28";"1,069265";"62405447";"0";"17321,81";"0,03%";"0,58%";"1,74%";"2,78%";"";"";""
"2016/10/27";"1,069276";"62388767";"0";"65440,46";"0,1%";"0,63%";"1,65%";"2,79%";"";"";""
"2016/10/26";"1,069887";"62358939";"0";"17,18";"0%";"0,69%";"1,51%";"2,86%";"";"";""
"2016/10/25";"1,070441";"62391212";"0";"22,19";"0%";"0,82%";"1,52%";"3,1%";"";"";""
"2016/10/24";"1,070228";"62378775";"0";"15,72";"0%";"0,82%";"1,49%";"3,08%";"";"";""
"2016/10/21";"1,068931";"62303163";"0";"-0,4";"-0%";"0,68%";"1,31%";"3%";"";"";""
"2016/10/20";"1,068194";"62260207";"0";"-761,82";"-0%";"0,6%";"1,24%";"2,94%";"";"";""
"2016/10/19";"1,067087";"62196446";"0";"-4193,45";"-0,01%";"0,45%";"1,14%";"2,77%";"";"";""
"2016/10/18";"1,066079";"62141883";"0";"-100,32";"-0%";"0,33%";"1,12%";"2,66%";"";"";""
"2016/10/17";"1,064772";"62065798";"0";"263039,85";"0,43%";"0,15%";"1%";"2,53%";"";"";""
"2016/10/14";"1,064398";"61781050";"0";"75355,9";"0,12%";"0,15%";"0,97%";"2,45%";"";"";""
"2016/10/13";"1,064148";"61691201";"0";"19170,79";"0,03%";"0,27%";"1%";"2,4%";"";"";""
"2016/10/12";"1,064547";"61695154";"0";"49972,01";"0,08%";"0,36%";"1,22%";"2,37%";"";"";""
"2016/10/11";"1,064817";"61660817";"0";"49523,1";"0,08%";"0,49%";"1,25%";"2,3%";"";"";""
"2016/10/10";"1,065485";"61649945";"0";"-1613,69";"-0%";"0,64%";"1,39%";"2,37%";"";"";""
"2016/10/07";"1,06557";"61656477";"0";"2078267,79";"3,48%";"0,72%";"1,36%";"2,51%";"";"";""
"2016/10/06";"1,066664";"59639377";"0";"10388,61";"0,02%";"0,85%";"1,42%";"2,69%";"";"";""
"2016/10/05";"1,066842";"59638939";"0";"-25,22";"-0%";"0,96%";"1,43%";"2,79%";"";"";""
"2016/10/04";"1,067561";"59679158";"0";"157213,27";"0,26%";"1,06%";"1,39%";"3,01%";"";"";""
"2016/10/03";"1,06727";"59505720";"0";"-11974,6";"-0,02%";"1,03%";"1,38%";"2,98%";"";"";""
"2016/09/30";"1,067187";"59513066";"0";"-7,88";"-0%";"1,2%";"1,26%";"3,03%";"";"";""
"2016/09/29";"1,067486";"59529748";"0";"20447,1";"0,03%";"1,28%";"1,35%";"3,15%";"";"";""
"2016/09/28";"1,067363";"59502444";"0";"15997,55";"0,03%";"1,43%";"1,39%";"3,11%";"";"";""
"2016/09/27";"1,067402";"59488620";"0";"23,63";"0%";"1,62%";"1,39%";"3,03%";"";"";""
"2016/09/26";"1,067269";"59481184";"0";"5,4";"0%";"1,74%";"1,38%";"3,02%";"";"";""
"2016/09/23";"1,068156";"59530613";"0";"-14,84";"-0%";"1,44%";"1,47%";"3,21%";"";"";""
"2016/09/22";"1,068693";"59560556";"0";"10476,21";"0,02%";"1,59%";"1,71%";"3,3%";"";"";""
"2016/09/21";"1,067655";"59492240";"0";"-3670,75";"-0,01%";"1,58%";"1,6%";"3,15%";"";"";""
"2016/09/20";"1,067428";"59483261";"0";"-4,54";"-0%";"1,62%";"1,62%";"3,27%";"";"";""
"2016/09/19";"1,067182";"59469557";"0";"91011,24";"0,15%";"1,7%";"1,6%";"3,24%";"";"";""
"2016/09/16";"1,064497";"59229151";"0";"66872,62";"0,11%";"1,5%";"1,5%";"3%";"";"";""
"2016/09/15";"1,064093";"59139825";"0";"-668,67";"-0%";"1,45%";"1,53%";"2,95%";"";"";""
"2016/09/14";"1,063746";"59121208";"0";"15,4";"0%";"1,41%";"1,5%";"2,98%";"";"";""
"2016/09/13";"1,064511";"59163710";"0";"6209,29";"0,01%";"1,34%";"1,57%";"3,09%";"";"";""
"2016/09/12";"1,064653";"59165392";"0";"10482,24";"0,02%";"1,27%";"1,59%";"3,11%";"";"";""
"2016/09/09";"1,065599";"59207472";"0";"-4,54";"-0%";"1,29%";"1,84%";"3,23%";"";"";""
"2016/09/08";"1,067267";"59300155";"0";"9,37";"0%";"1,56%";"1,98%";"3,46%";"";"";""
"2016/09/07";"1,067193";"59296034";"0";"10,02";"0%";"1,62%";"1,89%";"3,49%";"";"";""
"2016/09/06";"1,065588";"59206846";"0";"601243,56";"1,03%";"1,51%";"1,79%";"3,37%";"";"";""
"2016/09/05";"1,06463";"58552914";"0";"16040,91";"0,03%";"1,46%";"1,7%";"3,28%";"";"";""
"2016/09/02";"1,064336";"58520708";"0";"15,03";"0%";"1,46%";"1,73%";"3,34%";"";"";""
"2016/09/01";"1,064514";"58530480";"0";"-3581,95";"-0,01%";"1,45%";"1,74%";"3,35%";"";"";""
"2016/08/31";"1,06481";"58550338";"0";"-2,91";"-0%";"1,47%";"1,93%";"3,21%";"";"";""
"2016/08/30";"1,064803";"58549956";"0";"24,84";"0%";"1,4%";"1,93%";"3,25%";"";"";""
"2016/08/29";"1,064142";"58513585";"0";"4,9";"0%";"1,37%";"1,87%";"3,19%";"";"";""
"2016/08/26";"1,064075";"58509896";"0";"199975,09";"0,34%";"1,39%";"1,84%";"3,49%";"";"";""
"2016/08/25";"1,063851";"58297646";"0";"29276,53";"0,05%";"1,36%";"1,88%";"3,48%";"";"";""
"2016/08/24";"1,064561";"58307257";"0";"40,93";"0%";"1,35%";"1,99%";"3,58%";"";"";""
"2016/08/23";"1,064605";"58309626";"0";"8,67";"0%";"1,43%";"2,11%";"3,07%";"";"";""
"2016/08/22";"1,064471";"58302278";"0";"-39,17";"-0%";"1,5%";"2,07%";"3,05%";"";"";""
"2016/08/19";"1,064581";"58308342";"0";"83566,98";"0,14%";"1,61%";"2,22%";"3,06%";"";"";""
"2016/08/18";"1,064747";"58233854";"0";"5,91";"0%";"1,48%";"2,26%";"3,06%";"";"";""
"2016/08/17";"1,064282";"58208416";"0";"-2,23";"-0%";"1,47%";"2,24%";"3%";"";"";""
"2016/08/16";"1,06494";"58244406";"0";"-25320780,12";"-30,29%";"1,52%";"2,42%";"3,09%";"";"";""
"2016/08/15";"1,065189";"83584725";"0";"100035,76";"0,12%";"1,55%";"2,49%";"3,11%";"";"";""
"2016/08/12";"1,064669";"83443934";"0";"11278,19";"0,01%";"1,44%";"2,61%";"3,11%";"";"";""
"2016/08/11";"1,064601";"83427327";"0";"-1583,92";"-0%";"1,43%";"2,74%";"3,13%";"";"";""
"2016/08/10";"1,063665";"83355560";"0";"-37,91";"-0%";"1,28%";"2,53%";"3,11%";"";"";""
"2016/08/09";"1,063204";"83319471";"0";"300029,55";"0,36%";"1,21%";"2,51%";"3,12%";"";"";""
"2016/08/08";"1,062403";"82956896";"0";"738375,66";"0,9%";"1,19%";"2,31%";"3,05%";"";"";""
"2016/08/05";"1,062212";"82203739";"0";"-6,03";"-0%";"1,24%";"2,23%";"2,94%";"";"";""
"2016/08/04";"1,061418";"82142298";"0";"-303422,24";"-0,37%";"1,24%";"2,08%";"2,95%";"";"";""
"2016/08/03";"1,060914";"82406572";"0";"65488,93";"0,08%";"1,11%";"1,97%";"2,96%";"";"";""
"2016/08/02";"1,062078";"82431425";"0";"720046,64";"0,88%";"1,19%";"2,09%";"3,07%";"";"";""
"2016/08/01";"1,063105";"81790391";"0";"-9815,32";"-0,01%";"1,25%";"2,06%";"3,17%";"";"";""
"2016/07/29";"1,063165";"81804823";"0";"35784,74";"0,04%";"1,25%";"2,2%";"3,22%";"";"";""
"2016/07/28";"1,063123";"81765808";"0";"159972,87";"0,2%";"1,15%";"2,39%";"3,19%";"";"";""
"2016/07/27";"1,06261";"81566457";"0";"22,58";"0%";"1,02%";"2,47%";"3,11%";"";"";""
"2016/07/26";"1,06257";"81563364";"0";"-62,19";"-0%";"0,81%";"2,51%";"2,97%";"";"";""
"2016/07/25";"1,061744";"81500022";"0";"300034,59";"0,37%";"0,69%";"2,46%";"2,89%";"";"";""
"2016/07/22";"1,061536";"81184080";"0";"-34,18";"-0%";"0,66%";"2,4%";"2,9%";"";"";""
"2016/07/21";"1,061703";"81196886";"0";"-1247,42";"-0%";"0,63%";"2,61%";"2,87%";"";"";""
"2016/07/20";"1,061771";"81203334";"0";"128955,51";"0,16%";"0,63%";"2,65%";"2,82%";"";"";""
"2016/07/19";"1,062312";"81115688";"0";"-29,3";"-0%";"0,69%";"2,71%";"2,91%";"";"";""
"2016/07/18";"1,062532";"81132516";"0";"42753,42";"0,05%";"0,78%";"2,74%";"2,93%";"";"";""
"2016/07/15";"1,063157";"81137461";"0";"46325,37";"0,06%";"0,84%";"2,68%";"3,21%";"";"";""
"2016/07/14";"1,062775";"81061999";"0";"8066650,43";"11,07%";"0,81%";"2,51%";"3,18%";"";"";""
"2016/07/13";"1,061237";"72889713";"0";"123742,99";"0,17%";"0,72%";"2,34%";"3,05%";"";"";""
"2016/07/12";"1,060775";"72734292";"0";"49287,88";"0,07%";"0,86%";"2,35%";"3,08%";"";"";""
"2016/07/11";"1,059632";"72606685";"0";"25003,14";"0,03%";"0,76%";"2,47%";"2,97%";"";"";""
"2016/07/08";"1,058731";"72519966";"0";"-36816,77";"-0,05%";"0,75%";"2,37%";"3,24%";"";"";""
"2016/07/07";"1,057953";"72503465";"0";"56094,71";"0,08%";"0,63%";"2,14%";"2,99%";"";"";""
"2016/07/06";"1,05766";"72427306";"0";"35449,03";"0,05%";"0,56%";"2,07%";"3,06%";"";"";""
"2016/07/05";"1,056654";"72323001";"0";"89190,88";"0,12%";"0,46%";"1,92%";"2,85%";"";"";""
"2016/07/04";"1,056335";"72212003";"0";"99979,09";"0,14%";"0,32%";"1,92%";"2,82%";"";"";""
"2016/07/01";"1,056433";"72118714";"0";"12654,27";"0,02%";"0,35%";"1,89%";"2,83%";"";"";""
"2016/06/30";"1,054503";"71974329";"0";"-954019,39";"-1,31%";"0,06%";"1,68%";"2,73%";"";"";""
"2016/06/29";"1,053947";"72889896";"0";"19092,45";"0,03%";"0,06%";"1,58%";"2,81%";"";"";""
"2016/06/28";"1,05236";"72761077";"0";"129996,65";"0,18%";"-0,04%";"1,46%";"2,3%";"";"";""
"2016/06/27";"1,050436";"72498291";"0";"327094,15";"0,45%";"-0,22%";"1,32%";"2,11%";"";"";""
"2016/06/24";"1,049031";"72074665";"0";"41,38";"0%";"-0,35%";"1,18%";"2,03%";"";"";""
"2016/06/23";"1,053042";"72350203";"0";"592689,19";"0,83%";"0,04%";"1,57%";"2,46%";"";"";""
"2016/06/22";"1,051939";"71682352";"0";"463123,87";"0,65%";"0,11%";"1,57%";"2,5%";"";"";""
"2016/06/21";"1,051004";"71155926";"0";"-14,94";"-0%";"0,02%";"1,51%";"2,65%";"";"";""
"2016/06/20";"1,050388";"71114236";"0";"71205,54";"0,1%";"-0%";"1,55%";"2,59%";"";"";""
"2016/06/17";"1,049296";"70969173";"0";"15274,29";"0,02%";"-0,03%";"1,49%";"2,6%";"";"";""
"2016/06/16";"1,048734";"70915896";"0";"515302,11";"0,73%";"-0,01%";"1,53%";"2,59%";"";"";""
"2016/06/15";"1,048882";"70410529";"0";"85493,76";"0,12%";"0,08%";"1,64%";"2,62%";"";"";""
"2016/06/14";"1,04894";"70328924";"0";"139097,84";"0,2%";"0,09%";"1,63%";"2,31%";"";"";""
"2016/06/13";"1,050389";"70286786";"0";"173861,79";"0,25%";"0,23%";"1,69%";"2,45%";"";"";""
"2016/06/10";"1,051284";"70172665";"0";"-1570,56";"-0%";"0,36%";"1,55%";"2,57%";"";"";""
"2016/06/09";"1,051985";"70221028";"0";"177679,58";"0,25%";"0,54%";"1,55%";"2,49%";"";"";""
"2016/06/08";"1,050859";"69968377";"0";"99332,94";"0,14%";"0,41%";"1,41%";"2,2%";"";"";""
"2016/06/07";"1,050141";"69821306";"0";"58448,97";"0,08%";"0,26%";"1,33%";"1,96%";"";"";""
"2016/06/06";"1,049701";"69733627";"0";"-11,33";"-0%";"0,28%";"1,33%";"1,92%";"";"";""
"2016/06/03";"1,049346";"69710055";"0";"330036,25";"0,48%";"0,26%";"1,05%";"1,71%";"";"";""
"2016/06/02";"1,04905";"69360448";"0";"-50,28";"-0%";"0,27%";"0,9%";"1,68%";"";"";""
"2016/06/01";"1,049286";"69376102";"0";"28226,06";"0,04%";"0,29%";"0,86%";"1,66%";"";"";""
"2016/05/31";"1,049375";"69353758";"0";"58530,99";"0,08%";"0,46%";"0,84%";"1,65%";"";"";""
"2016/05/30";"1,050094";"69342706";"0";"0,82";"0%";"0,52%";"0,91%";"1,72%";"";"";""
"2016/05/27";"1,049801";"69323357";"0";"12526,92";"0,02%";"0,48%";"0,86%";"1,81%";"";"";""
"2016/05/26";"1,049491";"69290363";"0";"122357,84";"0,18%";"0,45%";"0,81%";"1,84%";"";"";""
"2016/05/25";"1,04961";"69175848";"0";"13478,48";"0,02%";"0,51%";"0,85%";"1,84%";"";"";""
"2016/05/24";"1,050431";"69216468";"0";"395391,99";"0,57%";"0,64%";"0,91%";"1,92%";"";"";""
"2016/05/23";"1,049636";"68768990";"0";"3000036,34";"4,57%";"0,68%";"0,77%";"1,84%";"";"";""
"2016/05/20";"1,0487";"65710305";"0";"79581,71";"0,12%";"0,69%";"0,71%";"1,79%";"";"";""
"2016/05/19";"1,047744";"65570894";"0";"13,24";"0%";"0,6%";"0,71%";"1,75%";"";"";""
"2016/05/18";"1,049194";"65661626";"0";"15275,17";"0,02%";"0,77%";"0,85%";"1,95%";"";"";""
"2016/05/17";"1,048904";"65628206";"0";"71694";"0,11%";"0,76%";"0,83%";"2%";"";"";""
"2016/05/13";"1,048974";"65560887";"0";"15,5";"0%";"1,1%";"1,01%";"2,18%";"";"";""
"2016/05/12";"1,049527";"65595434";"0";"300000,06";"0,46%";"1,15%";"1,07%";"2,33%";"";"";""
"2016/05/11";"1,049616";"65300971";"0";"11966,27";"0,02%";"1,29%";"1,08%";"2,08%";"";"";""
"2016/05/10";"1,050224";"65326824";"0";"5760,24";"0,01%";"1,23%";"1,11%";"2,24%";"";"";""
"2016/05/09";"1,050504";"65338479";"0";"104224,07";"0,16%";"1,28%";"1,13%";"2,26%";"";"";""
"2016/05/06";"1,049954";"65200101";"0";"47731,03";"0,07%";"1,05%";"1,01%";"2,24%";"";"";""
"2016/05/05";"1,049156";"65102852";"0";"22794,35";"0,04%";"0,98%";"0,88%";"1,95%";"";"";""
"2016/05/04";"1,04839";"65032542";"0";"-40,78";"-0%";"0,83%";"0,77%";"1,78%";"";"";""
"2016/05/03";"1,049303";"65089217";"0";"45354,37";"0,07%";"0,86%";"0,91%";"1,88%";"";"";""
"2016/05/02";"1,049598";"65062149";"0";"11001,63";"0,02%";"0,89%";"0,95%";"1,91%";"";"";""
"2016/04/29";"1,050009";"65076620";"0";"16014,34";"0,02%";"0,93%";"1%";"1,66%";"";"";""
"2016/04/28";"1,051025";"65123559";"0";"82523,3";"0,13%";"1,22%";"1,02%";"1,57%";"";"";""
"2016/04/27";"1,051906";"65095555";"0";"82776,98";"0,13%";"1,44%";"1,12%";"1,59%";"";"";""
"2016/04/26";"1,054011";"65142877";"0";"999987,65";"1,56%";"1,69%";"1,33%";"1,9%";"";"";""
"2016/04/25";"1,054437";"64168814";"0";"1,61";"0%";"1,76%";"1,56%";"1,94%";"";"";""
"2016/04/22";"1,05453";"64174472";"0";"19,35";"0%";"1,72%";"1,57%";"2,02%";"";"";""
"2016/04/21";"1,05509";"64208532";"0";"177310,74";"0,28%";"1,97%";"1,67%";"2,1%";"";"";""
"2016/04/20";"1,055078";"64030493";"0";"-738,01";"-0%";"2%";"1,67%";"2,04%";"";"";""
"2016/04/19";"1,055017";"64027529";"0";"-1241,69";"-0%";"2,01%";"1,61%";"2,06%";"";"";""
"2016/04/18";"1,054281";"63984103";"0";"15257,74";"0,02%";"1,94%";"1,52%";"1,99%";"";"";""
"2016/04/15";"1,054251";"63967025";"0";"404072,72";"0,64%";"1,82%";"1,49%";"1,89%";"";"";""
"2016/04/14";"1,054185";"63558973";"0";"166211,4";"0,26%";"1,69%";"1,47%";"1,94%";"";"";""
"2016/04/13";"1,053615";"63358485";"0";"7,81";"0%";"1,6%";"1,39%";"1,88%";"";"";""
"2016/04/12";"1,051768";"63247409";"0";"142326,09";"0,23%";"1,49%";"1,14%";"1,68%";"";"";""
"2016/04/11";"1,051678";"63099683";"0";"-0,24";"-0%";"1,71%";"1,04%";"1,67%";"";"";""
"2016/04/08";"1,050878";"63051684";"0";"11526,22";"0,02%";"1,61%";"1%";"1,75%";"";"";""
"2016/04/07";"1,051279";"63064213";"0";"37";"0%";"1,5%";"1,13%";"2,02%";"";"";""
"2016/04/06";"1,051781";"63094290";"0";"-15,25";"-0%";"1,5%";"1,26%";"2,18%";"";"";""
"2016/04/05";"1,051802";"63095565";"0";"-26,59";"-0%";"1,46%";"1,35%";"2,19%";"";"";""
"2016/04/04";"1,052943";"63164038";"0";"26,51";"0%";"1,6%";"1,6%";"2,3%";"";"";""
"2016/04/01";"1,052733";"63151414";"0";"136914,16";"0,22%";"1,53%";"1,61%";"2,35%";"";"";""
"2016/03/31";"1,053408";"63054904";"0";"71432,58";"0,11%";"1,6%";"1,7%";"2,36%";"";"";""
"2016/03/30";"1,05392";"63014084";"0";"67485,04";"0,11%";"1,63%";"1,75%";"2,39%";"";"";""
"2016/03/29";"1,05331";"62910166";"0";"126617,97";"0,2%";"1,52%";"1,78%";"2,51%";"";"";""
"2016/03/25";"1,052734";"62749215";"0";"1148975,14";"1,87%";"1,54%";"1,61%";"2,16%";"";"";""
"2016/03/24";"1,052709";"61598777";"0";"39105,36";"0,06%";"1,54%";"1,69%";"2,17%";"";"";""
"2016/03/23";"1,052649";"61556163";"0";"-1270,54";"-0%";"1,53%";"1,71%";"2,09%";"";"";""
"2016/03/22";"1,050759";"61446909";"0";"143655,65";"0,23%";"1,46%";"1,57%";"1,99%";"";"";""
"2016/03/21";"1,050796";"61305412";"0";"27454,07";"0,04%";"1,49%";"1,52%";"1,99%";"";"";""
"2016/03/18";"1,050394";"61254515";"0";"16309,43";"0,03%";"1,55%";"1,62%";"2,47%";"";"";""
"2016/03/17";"1,049636";"61194014";"0";"94519,77";"0,15%";"1,52%";"1,56%";"2,49%";"";"";""
"2016/03/16";"1,048788";"61050132";"0";"9878,21";"0,02%";"1,54%";"1,48%";"2,38%";"";"";""
"2016/03/11";"1,048007";"60994799";"0";"-1008,05";"-0%";"1,46%";"1,49%";"2,41%";"";"";""
"2016/03/10";"1,047511";"60966939";"0";"89968,03";"0,15%";"1,18%";"1,47%";"2,45%";"";"";""
"2016/03/09";"1,046363";"60810254";"0";"3243,59";"0,01%";"1,01%";"1,37%";"2,04%";"";"";""
"2016/03/08";"1,04659";"60820202";"0";"55736,16";"0,09%";"1%";"1,46%";"1,81%";"";"";""
"2016/03/07";"1,047383";"60810507";"0";"35,64";"0%";"1,07%";"1,57%";"1,89%";"";"";""
"2016/03/04";"1,046805";"60776913";"0";"659687,42";"1,09%";"1,05%";"1,55%";"1,65%";"";"";""
"2016/03/03";"1,04658";"60104304";"0";"-39,55";"-0%";"0,78%";"1,48%";"1,57%";"";"";""
"2016/03/02";"1,046213";"60083267";"0";"42,18";"0%";"0,63%";"1,58%";"1,5%";"";"";""
"2016/03/01";"1,046267";"60086326";"0";"112564,01";"0,19%";"0,57%";"1,58%";"1,63%";"";"";""
"2016/02/29";"1,04461";"59878780";"0";"-4,45";"-0%";"0,36%";"1,29%";"1,47%";"";"";""
"2016/02/26";"1,04482";"59890822";"0";"-15,07";"-0%";"0,36%";"1,61%";"1,52%";"";"";""
"2016/02/25";"1,044254";"59858393";"0";"21,68";"0%";"0,33%";"1,57%";"1,62%";"";"";""
"2016/02/24";"1,043796";"59832118";"0";"-32,39";"-0%";"0,27%";"1,56%";"1,69%";"";"";""
"2016/02/23";"1,04257";"59761874";"0";"100020,34";"0,17%";"0,09%";"0,93%";"1,73%";"";"";""
"2016/02/22";"1,042886";"59679937";"0";"-101042,79";"-0,17%";"0,15%";"0,96%";"1,84%";"";"";""
"2016/02/19";"1,041495";"59701244";"0";"-234648,35";"-0,39%";"0,11%";"0,83%";"1,73%";"";"";""
"2016/02/18";"1,041206";"59919261";"0";"-50482,86";"-0,08%";"0,09%";"0,78%";"1,85%";"";"";""
"2016/02/17";"1,041";"59957879";"0";"16709,89";"0,03%";"0,07%";"0,74%";"1,62%";"";"";""
"2016/02/16";"1,039742";"59868733";"0";"60594,18";"0,1%";"0,06%";"0,65%";"1,4%";"";"";""
"2016/02/15";"1,039275";"59781276";"0";"-4,17";"-0%";"0,08%";"0,6%";"1,37%";"";"";""
"2016/02/12";"1,037593";"59684528";"0";"";"";"-0,08%";"0,49%";"1,29%";"";"";""
"2016/02/11";"1,036254";"59607511";"0";"-25476,36";"-0,04%";"-0,21%";"0,39%";"1,34%";"";"";""
"2016/02/10";"1,037435";"59700950";"0";"49004,64";"0,08%";"-0,12%";"0,57%";"1,36%";"";"";""
"2016/02/09";"1,037182";"59637398";"0";"-22,15";"-0%";"-0,16%";"0,6%";"1,32%";"";"";""
"2016/02/08";"1,038423";"59708777";"0";"14,68";"0%";"-0,1%";"0,72%";"1,37%";"";"";""
"2016/02/05";"1,039021";"59743147";"0";"-0,9";"-0%";"-0,1%";"0,69%";"1,28%";"";"";""
"2016/02/04";"1,039772";"59786330";"0";"";"";"-0,06%";"0,85%";"1,27%";"";"";""
"2016/02/03";"1,040394";"59822085";"0";"6,53";"0%";"0,05%";"0,97%";"1,23%";"";"";""
"2016/02/02";"1,040343";"59819146";"0";"-1434,43";"-0%";"0,06%";"0,96%";"1,27%";"";"";""
"2016/02/01";"1,041638";"59895044";"0";"-613,37";"-0%";"0,26%";"1,08%";"1,45%";"";"";""
"2016/01/29";"1,040317";"59819698";"0";"-36,37";"-0%";"0,07%";"1%";"1,29%";"";"";""
"2016/01/28";"1,038336";"59705824";"0";"14036,93";"0,02%";"-0,2%";"0,78%";"1,06%";"";"";""
"2016/01/27";"1,037016";"59615903";"0";"-299,25";"-0%";"-0,31%";"0,63%";"0,92%";"";"";""
"2016/01/26";"1,036528";"59588148";"0";"28,76";"0%";"-0,35%";"0,45%";"0,88%";"";"";""
"2016/01/25";"1,03621";"59569838";"0";"-25,49";"-0%";"-0,2%";"0,42%";"0,89%";"";"";""
"2016/01/22";"1,036676";"59596653";"0";"17162,55";"0,03%";"-0,15%";"0,49%";"1,42%";"";"";""
"2016/01/21";"1,034716";"59466846";"0";"91952,53";"0,15%";"-0,29%";"0,25%";"1,27%";"";"";""
"2016/01/20";"1,034383";"59355785";"0";"9360,94";"0,02%";"-0,32%";"0,17%";"1,28%";"";"";""
"2016/01/19";"1,034233";"59337818";"0";"8,91";"0%";"-0,39%";"0,19%";"1,35%";"";"";""
"2016/01/18";"1,034206";"59336260";"0";"29,78";"0%";"-0,41%";"0,19%";"1,35%";"";"";""
"2016/01/15";"1,035439";"59406972";"0";"870881,97";"1,47%";"-0,32%";"0,52%";"1,65%";"";"";""
"2016/01/14";"1,03671";"58607943";"0";"4,98";"0%";"-0,21%";"0,65%";"1,91%";"";"";""
"2016/01/13";"1,037016";"58625237";"0";"-2001457,55";"-3,41%";"-0,21%";"0,7%";"2%";"";"";""
"2016/01/12";"1,036375";"60589220";"0";"-10,37";"-0%";"-0,34%";"0,71%";"2,11%";"";"";""
"2016/01/11";"1,034042";"60452837";"0";"-100146,72";"-0,17%";"-0,65%";"0,48%";"1,9%";"";"";""
"2016/01/08";"1,034198";"60562119";"0";"-1,77";"-0%";"-0,6%";"0,85%";"1,8%";"";"";""
"2016/01/07";"1,035748";"60652888";"0";"587372,27";"0,97%";"-0,36%";"0,83%";"2,22%";"";"";""
"2016/01/06";"1,036239";"60093990";"0";"13,37";"0%";"-0,24%";"0,98%";"2,5%";"";"";""
"2016/01/05";"1,036716";"60121639";"0";"-7,48";"-0%";"-0,11%";"0,91%";"2,55%";"";"";""
"2016/01/04";"1,036385";"60102451";"0";"1603820,1";"2,67%";"-0%";"0,88%";"2,54%";"";"";""
"2015/12/31";"1,036864";"58525668";"0";"381747,65";"0,65%";"0,1%";"1,01%";"2,59%";"";"";""
"2015/12/30";"1,037042";"58153902";"0";"39,57";"0%";"0,12%";"1,02%";"2,62%";"";"";""
"2015/12/29";"1,037532";"58181340";"0";"410231,72";"0,71%";"0,25%";"1,21%";"2,64%";"";"";""
"2015/12/28";"1,037216";"57753513";"0";"49496,36";"0,09%";"0,2%";"0,83%";"2,74%";"";"";""
"2015/12/23";"1,036762";"57678759";"0";"300172,19";"0,52%";"0,17%";"0,88%";"2,69%";"";"";""
"2015/12/22";"1,035658";"57317487";"0";"";"";"0,11%";"0,91%";"2,55%";"";"";""
"2015/12/21";"1,035362";"56537542";"0";"19,03";"0%";"0,03%";"1,13%";"2,74%";"";"";""
"2015/12/18";"1,034325";"56480896";"0";"9,33";"0%";"0,06%";"1,07%";"2,75%";"";"";""
"2015/12/17";"1,033915";"56458498";"0";"-104774,35";"-0,19%";"0,04%";"1,1%";"3,16%";"";"";""
"2015/12/16";"1,032903";"56507908";"0";"232350,87";"0,41%";"-0,05%";"1,04%";"3%";"";"";""
"2015/12/15";"1,032004";"56226577";"0";"-496293,71";"-0,88%";"-0,16%";"0,97%";"2,54%";"";"";""
"2015/12/14";"1,032079";"56726993";"0";"0,11";"0%";"-0,08%";"0,66%";"2,36%";"";"";""
"2015/12/11";"1,032905";"56772393";"0";"109858,3";"0,19%";"0,03%";"0,78%";"2,34%";"";"";""
"2015/12/10";"1,035267";"56792108";"0";"-36882,51";"-0,06%";"0,29%";"1,01%";"2,58%";"";"";""
"2015/12/09";"1,035889";"56863134";"0";"-4,53";"-0%";"0,35%";"0,92%";"2,53%";"";"";""
"2015/12/08";"1,036212";"56880869";"0";"376348,23";"0,66%";"0,45%";"0,78%";"2,44%";"";"";""
"2015/12/07";"1,03632";"56510410";"0";"-16,66";"-0%";"0,5%";"0,62%";"2,42%";"";"";""
"2015/12/04";"1,03593";"56489160";"0";"299977,42";"0,53%";"0,5%";"0,62%";"2,44%";"";"";""
"2015/12/03";"1,038445";"56325597";"0";"32,77";"0%";"0,69%";"0,65%";"2,73%";"";"";""
"2015/12/02";"1,039705";"56393907";"0";"-19,6";"-0%";"0,95%";"0,78%";"2,95%";"";"";""
"2015/12/01";"1,040335";"56428098";"0";"858209,32";"1,52%";"1,01%";"0,79%";"3,02%";"";"";""
"2015/11/30";"1,040668";"55587676";"0";"14,15";"0%";"0,91%";"0,81%";"2,95%";"";"";""
"2015/11/27";"1,040873";"55598612";"0";"-131047,94";"-0,24%";"0,98%";"0,95%";"2,98%";"";"";""
"2015/11/26";"1,041032";"55738173";"0";"35,06";"0%";"1,25%";"1,02%";"3,05%";"";"";""
"2015/11/25";"1,040803";"55725877";"0";"-2,05";"-0%";"1,23%";"0,98%";"3,15%";"";"";""
"2015/11/24";"1,041008";"55736855";"0";"-13,8";"-0%";"1,28%";"1%";"3,2%";"";"";""
"2015/11/23";"1,041631";"55770225";"0";"3,67";"0%";"0,84%";"1,06%";"3,36%";"";"";""
"2015/11/20";"1,04132";"55753570";"0";"26,76";"0%";"0,81%";"1,07%";"3,55%";"";"";""
"2015/11/19";"1,040368";"55702572";"0";"-33,56";"-0%";"0,72%";"1,04%";"3,39%";"";"";""
"2015/11/18";"1,040306";"55699286";"0";"7,87";"0%";"0,7%";"1,09%";"3,26%";"";"";""
"2015/11/17";"1,04023";"55695209";"0";"250012,64";"0,45%";"0,67%";"1,16%";"3,32%";"";"";""
"2015/11/16";"1,039162";"55388271";"0";"95730,86";"0,17%";"0,59%";"1,06%";"3,26%";"";"";""
"2015/11/13";"1,038462";"55255294";"0";"0,14";"0%";"0,51%";"1,15%";"3,22%";"";"";""
"2015/11/12";"1,03841";"55252527";"0";"148471,45";"0,27%";"0,57%";"1,25%";"3,24%";"";"";""
"2015/11/11";"1,038432";"55105223";"0";"20,52";"0%";"0,6%";"0,99%";"3,3%";"";"";""
"2015/11/10";"1,038668";"55117726";"0";"700013,29";"1,27%";"0,69%";"1,11%";"3,3%";"";"";""
"2015/11/09";"1,038804";"54424838";"0";"875,19";"0%";"0,76%";"1,12%";"3,45%";"";"";""
"2015/11/06";"1,039426";"54456550";"0";"-31202,66";"-0,06%";"0,78%";"1,22%";"3,5%";"";"";""
"2015/11/05";"1,040042";"54520044";"0";"-190008,41";"-0,35%";"0,79%";"1,06%";"3,55%";"";"";""
"2015/11/04";"1,040419";"54729884";"0";"1,22";"0%";"0,91%";"1%";"3,66%";"";"";""
"2015/11/03";"1,039828";"54698794";"0";"1999989,13";"3,66%";"0,92%";"0,96%";"3,52%";"";"";""
"2015/11/02";"1,03974";"52694345";"0";"500032,71";"0,95%";"0,9%";"0,95%";"3,59%";"";"";""
"2015/10/30";"1,038901";"52152195";"0";"13966,86";"0,03%";"0,88%";"0,87%";"3,71%";"";"";""
"2015/10/29";"1,039594";"52173007";"0";"86397,86";"0,17%";"0,93%";"0,65%";"3,86%";"";"";""
"2015/10/28";"1,04039";"52126491";"0";"-50145,22";"-0,1%";"0,98%";"0,54%";"4,04%";"";"";""
"2015/10/27";"1,040276";"52170919";"0";"50019,76";"0,1%";"0,95%";"0,47%";"4,03%";"";"";""
"2015/10/26";"1,040128";"52113484";"0";"5,9";"0%";"0,79%";"0,56%";"";"";"";""
"2015/10/22";"1,038262";"52019986";"0";"62744,57";"0,12%";"0,65%";"0,45%";"";"";"";""
"2015/10/21";"1,037758";"51932020";"0";"-10,87";"-0%";"0,55%";"0,42%";"";"";"";""
"2015/10/20";"1,037714";"51929829";"0";"496976,13";"0,96%";"0,49%";"0,36%";"";"";"";""
"2015/10/19";"1,038282";"51461005";"0";"21,03";"0%";"0,58%";"0,44%";"";"";"";""
"2015/10/16";"1,038479";"51470748";"0";"34333,16";"0,07%";"0,63%";"0,31%";"";"";"";""
"2015/10/15";"1,038779";"51451274";"0";"1999968,42";"3,89%";"0,84%";"0,39%";"";"";"";""
"2015/10/14";"1,038897";"49456923";"0";"-5,35";"-0%";"0,86%";"0,46%";"";"";"";""
"2015/10/13";"1,039212";"49471924";"0";"485670,04";"0,98%";"0,91%";"0,48%";"";"";"";""
"2015/10/12";"1,039923";"49019769";"0";"-6,31";"-0%";"1,05%";"0,54%";"";"";"";""
"2015/10/09";"1,040849";"49063425";"0";"-8,3";"-0%";"1,27%";"0,6%";"";"";"";""
"2015/10/08";"1,040477";"49045898";"0";"15,12";"0%";"1,46%";"0,74%";"";"";"";""
"2015/10/07";"1,039506";"49000112";"0";"-26,47";"-0%";"1,2%";"0,88%";"";"";"";""
"2015/10/06";"1,038734";"48963748";"0";"918639,6";"1,88%";"1,22%";"0,92%";"";"";"";""
"2015/10/05";"1,037841";"48003804";"0";"6,13";"0%";"1,02%";"0,83%";"";"";"";""
"2015/10/02";"1,036386";"47936499";"0";"15,47";"0%";"0,92%";"0,7%";"";"";"";""
"2015/10/01";"1,036021";"47919601";"0";"-8,67";"-0%";"0,84%";"0,72%";"";"";"";""
"2015/09/30";"1,035829";"47910729";"0";"14034,87";"0,03%";"0,91%";"0,63%";"";"";"";""
"2015/09/29";"1,03492";"47854662";"0";"-11,05";"-0%";"0,96%";"0,72%";"";"";"";""
"2015/09/28";"1,035149";"47865262";"0";"14331,37";"0,03%";"0,63%";"0,74%";"";"";"";""
"2015/09/25";"1,036013";"47890870";"0";"346587,56";"0,72%";"0,76%";"0,54%";"";"";"";""
"2015/09/24";"1,035233";"47508487";"0";"-165834,83";"-0,35%";"0,69%";"0,47%";"";"";"";""
"2015/09/23";"1,034966";"47662026";"0";"31,83";"0%";"0,7%";"0,37%";"";"";"";""
"2015/09/22";"1,034557";"47643159";"0";"-25,34";"-0%";"0,8%";"0,41%";"";"";"";""
"2015/09/21";"1,035072";"47666901";"0";"-1,26";"-0%";"1,1%";"0,46%";"";"";"";""
"2015/09/18";"1,033657";"47601739";"0";"19,81";"0%";"1,01%";"0,84%";"";"";"";""
"2015/09/17";"1,033518";"47595318";"0";"9,79";"0%";"1,06%";"0,92%";"";"";"";""
"2015/09/16";"1,033456";"47592453";"0";"15731,17";"0,03%";"1,1%";"0,88%";"";"";"";""
"2015/09/15";"1,033625";"47584502";"0";"49809,96";"0,1%";"1,12%";"1%";"";"";"";""
"2015/09/14";"1,032943";"47503328";"0";"-7,83";"-0%";"0,75%";"0,94%";"";"";"";""
"2015/09/11";"1,032585";"47486872";"0";"22,48";"0%";"0,75%";"0,9%";"";"";"";""
"2015/09/10";"1,032287";"47473145";"0";"9,68";"0%";"0,72%";"0,96%";"";"";"";""
"2015/09/09";"1,032229";"47470468";"0";"-23,37";"-0%";"0,56%";"0,66%";"";"";"";""
"2015/09/08";"1,031575";"47440415";"0";"2,87";"0%";"0,32%";"0,35%";"";"";"";""
"2015/09/07";"1,031158";"47421235";"0";"1999975,56";"4,22%";"0,12%";"0,31%";"";"";"";""
"2015/09/04";"1,030821";"45406415";"0";"33,62";"0%";"0,13%";"0,1%";"";"";"";""
"2015/09/03";"1,031326";"45428626";"0";"13992,39";"0,03%";"-0,04%";"0,09%";"";"";"";""
"2015/09/02";"1,029916";"45352544";"0";"-7,68";"-0%";"-0,17%";"-0,09%";"";"";"";""
"2015/09/01";"1,029982";"45355458";"0";"31,04";"0%";"-0,21%";"0,05%";"";"";"";""
"2015/08/31";"1,031661";"45429362";"0";"1,9";"0%";"-0,06%";"0,21%";"";"";"";""
"2015/08/28";"1,03126";"45411702";"0";"0,65";"0%";"-0,06%";"0,17%";"";"";"";""
"2015/08/27";"1,030795";"45391225";"0";"-24,64";"-0%";"-0,03%";"0,13%";"";"";"";""
"2015/08/26";"1,028219";"45277815";"0";"23,45";"0%";"-0,22%";"-0,09%";"";"";"";""
"2015/08/25";"1,028118";"45273344";"0";"599981,01";"1,33%";"-0,25%";"0,05%";"";"";"";""
"2015/08/24";"1,027808";"44659893";"0";"39965,65";"0,09%";"-0,28%";"0,13%";"";"";"";""
"2015/08/19";"1,032927";"44842157";"0";"5,94";"0%";"0,32%";"0,9%";"";"";"";""
"2015/08/18";"1,033111";"44850139";"0";"125298,65";"0,28%";"0,39%";"1,06%";"";"";"";""
"2015/08/17";"1,033326";"44734148";"0";"-2405441,45";"-5,38%";"0,49%";"0,87%";"";"";"";""
"2015/08/14";"1,033033";"47126223";"0";"-8,69";"-0%";"0,67%";"0,76%";"";"";"";""
"2015/08/13";"1,033153";"47131706";"0";"9476,17";"0,02%";"0,64%";"0,77%";"";"";"";""
"2015/08/12";"1,032537";"47094134";"0";"150003,42";"0,32%";"0,68%";"0,79%";"";"";"";""
"2015/08/11";"1,032269";"46931946";"0";"-9,67";"-0%";"0,39%";"0,95%";"";"";"";""
"2015/08/10";"1,031534";"46898539";"0";"17,06";"0%";"0,42%";"0,78%";"";"";"";""
"2015/08/07";"1,030992";"46873880";"0";"-6,56";"-0%";"0,57%";"0,65%";"";"";"";""
"2015/08/06";"1,031406";"46892709";"0";"174787,67";"0,37%";"0,43%";"0,69%";"";"";"";""
"2015/08/05";"1,031889";"46739799";"0";"23912,2";"0,05%";"0,27%";"0,59%";"";"";"";""
"2015/08/04";"1,030997";"46675504";"0";"14011,35";"0,03%";"0,09%";"0,41%";"";"";"";""
"2015/08/03";"1,030399";"46634428";"0";"-16,19";"-0%";"0,04%";"0,25%";"";"";"";""
"2015/07/31";"1,030464";"46637386";"0";"57642,16";"0,12%";"0,05%";"0,36%";"";"";"";""
"2015/07/30";"1,029853";"46552125";"0";"-6,96";"-0%";"-0,01%";"0,3%";"";"";"";""
"2015/07/29";"1,030016";"46559500";"0";"13,54";"0%";"-0,27%";"0,29%";"";"";"";""
"2015/07/28";"1,03029";"46571872";"0";"10,99";"0%";"-0,43%";"0,28%";"";"";"";""
"2015/07/27";"1,030512";"46581896";"0";"37182,73";"0,08%";"-0,47%";"0,29%";"";"";"";""
"2015/07/24";"1,031927";"46608624";"0";"-8,88";"-0%";"-0,24%";"0,47%";"";"";"";""
"2015/07/23";"1,032594";"46638759";"0";"1,74";"0%";"-0,14%";"0,53%";"";"";"";""
"2015/07/22";"1,031584";"46593139";"0";"19753";"0,04%";"-0,2%";"0,92%";"";"";"";""
"2015/07/21";"1,032113";"46597269";"0";"5,93";"0%";"-0,12%";"1,01%";"";"";"";""
"2015/07/20";"1,032628";"46620514";"0";"-40,47";"-0%";"-0,13%";"1,11%";"";"";"";""
"2015/07/17";"1,032279";"46604798";"0";"9,3";"0%";"-0,14%";"1,16%";"";"";"";""
"2015/07/16";"1,032003";"46592328";"0";"99012,8";"0,21%";"-0,32%";"1,13%";"";"";"";""
"2015/07/15";"1,030078";"46406591";"0";"-0,86";"-0%";"-0,45%";"1,12%";"";"";"";""
"2015/07/14";"1,030003";"46403213";"0";"-2,14";"-0%";"-0,4%";"1,25%";"";"";"";""
"2015/07/13";"1,029845";"46396097";"0";"47814,13";"0,1%";"-0,42%";"1,3%";"";"";"";""
"2015/07/10";"1,029087";"46314169";"0";"-6,5";"-0%";"-0,51%";"1,41%";"";"";"";""
"2015/07/09";"1,027816";"46256974";"0";"-24,85";"-0%";"-0,66%";"1,29%";"";"";"";""
"2015/07/08";"1,025508";"46153127";"0";"-0,29";"-0%";"-0,71%";"0,94%";"";"";"";""
"2015/07/07";"1,027204";"46229456";"0";"27,02";"0%";"-0,32%";"1,38%";"";"";"";""
"2015/07/06";"1,02623";"46185594";"0";"-11,19";"-0%";"-0,3%";"1,51%";"";"";"";""
"2015/07/03";"1,027365";"46236686";"0";"14031,43";"0,03%";"-0,19%";"1,65%";"";"";"";""
"2015/07/02";"1,026963";"46204568";"0";"-24,62";"-0%";"-0,21%";"1,61%";"";"";"";""
"2015/07/01";"1,027388";"46223714";"0";"12,37";"0%";"-0,12%";"1,65%";"";"";"";""
"2015/06/30";"1,026523";"46184784";"0";"168694,52";"0,37%";"-0,28%";"1,58%";"";"";"";""
"2015/06/29";"1,02512";"45953197";"0";"2,84";"0%";"-0,24%";"1,41%";"";"";"";""
"2015/06/26";"1,028696";"46113496";"0";"-16,51";"-0%";"0,05%";"1,89%";"";"";"";""
"2015/06/25";"1,028213";"46091861";"0";"28,51";"0%";"-0,22%";"1,85%";"";"";"";""
"2015/06/24";"1,028158";"46089367";"0";"-22,71";"-0%";"-0,22%";"1,84%";"";"";"";""
"2015/06/23";"1,027734";"46070383";"0";"12521,23";"0,03%";"-0,33%";"1,8%";"";"";"";""
"2015/06/22";"1,026306";"45993866";"0";"16253,96";"0,04%";"-0,39%";"1,62%";"";"";"";""
"2015/06/19";"1,023832";"45866779";"0";"-3,4";"-0%";"-0,46%";"1,59%";"";"";"";""
"2015/06/18";"1,023371";"45846130";"0";"14036,34";"0,03%";"-0,16%";"1,66%";"";"";"";""
"2015/06/17";"1,022703";"45802177";"0";"-27,95";"-0%";"-0,14%";"2,04%";"";"";"";""
"2015/06/16";"1,022246";"45781738";"0";"20,75";"0%";"-0,21%";"1,94%";"";"";"";""
"2015/06/15";"1,02214";"45776970";"0";"49988,87";"0,11%";"-0,12%";"1,56%";"";"";"";""
"2015/06/12";"1,025283";"45867588";"0";"-7,87";"-0%";"0,04%";"1,69%";"";"";"";""
"2015/06/11";"1,024884";"45849746";"0";"22,04";"0%";"0,15%";"1,55%";"";"";"";""
"2015/06/10";"1,024918";"45851245";"0";"23899,73";"0,05%";"0,24%";"1,55%";"";"";"";""
"2015/06/09";"1,02646";"45896293";"0";"-32,48";"-0%";"0,1%";"1,6%";"";"";"";""
"2015/06/08";"1,02824";"45975915";"0";"-8,36";"-0%";"0,03%";"1,65%";"";"";"";""
"2015/06/05";"1,029922";"46051131";"0";"10,72";"0%";"0,18%";"1,79%";"";"";"";""
"2015/06/04";"1,029522";"46033235";"0";"3,74";"0%";"-0,02%";"1,8%";"";"";"";""
"2015/06/03";"1,031751";"46132897";"0";"3,05";"0%";"0,13%";"2,07%";"";"";"";""
"2015/06/02";"1,031709";"46131016";"0";"-12,52";"-0%";"0,09%";"2,16%";"";"";"";""
"2015/06/01";"1,032199";"46152938";"0";"2402847,99";"5,21%";"0,26%";"2,21%";"";"";"";""
"2015/05/29";"1,032295";"43754159";"0";"-50381,3";"-0,12%";"0,27%";"2,12%";"";"";"";""
"2015/05/28";"1,031829";"43784766";"0";"-7,96";"-0%";"0,23%";"2,07%";"";"";"";""
"2015/05/27";"1,031092";"43753500";"0";"713328,9";"1,63%";"0,16%";"2,01%";"";"";"";""
"2015/05/26";"1,030487";"43014917";"0";"-8,31";"-0%";"0,13%";"2,01%";"";"";"";""
"2015/05/22";"1,03069";"43023399";"0";"31,46";"0%";"0,65%";"2,27%";"";"";"";""
"2015/05/21";"1,030176";"43001912";"0";"-21,12";"-0%";"0,6%";"2,22%";"";"";"";""
"2015/05/20";"1,030289";"43006650";"0";"-28860,67";"-0,07%";"0,61%";"2,45%";"";"";"";""
"2015/05/19";"1,029678";"43009989";"0";"-6846,42";"-0,02%";"0,58%";"2,32%";"";"";"";""
"2015/05/18";"1,029088";"42992187";"0";"-5,82";"-0%";"0,66%";"2,15%";"";"";"";""
"2015/05/15";"1,028307";"42959565";"0";"23907,87";"0,06%";"0,3%";"2,18%";"";"";"";""
"2015/05/14";"1,026131";"42844801";"0";"35011,09";"0,08%";"0,09%";"1,97%";"";"";"";""
"2015/05/13";"1,02663";"42830608";"0";"-6,41";"-0%";"0,13%";"2,05%";"";"";"";""
"2015/05/12";"1,02559";"42787226";"0";"-6,46";"-0%";"0,12%";"1,97%";"";"";"";""
"2015/05/11";"1,028231";"42897414";"0";"-16,21";"-0%";"0,55%";"2,28%";"";"";"";""
"2015/05/08";"1,027258";"42856837";"0";"24,41";"0%";"0,28%";"2,3%";"";"";"";""
"2015/05/07";"1,025138";"42768367";"0";"148503,74";"0,35%";"0,07%";"2,09%";"";"";"";""
"2015/05/06";"1,026947";"42695072";"0";"-2,12";"-0%";"0,25%";"2,26%";"";"";"";""
"2015/05/05";"1,029099";"42784543";"0";"-1,39";"-0%";"0,31%";"2,46%";"";"";"";""
"2015/05/04";"1,030097";"42826036";"0";"-12,04";"-0%";"0,32%";"2,63%";"";"";"";""
"2015/04/30";"1,029956";"42820186";"0";"-3,8";"-0%";"0,31%";"2,82%";"";"";"";""
"2015/04/29";"1,032838";"42940008,302297";"";"-0,91";"-0%";"0,56%";"3,19%";"";"";"";""
"2015/04/28";"1,034781";"43020789";"0";"4,33";"0%";"0,72%";"3,48%";"";"";"";""
"2015/04/27";"1,035392";"43046186,860373";"";"57662,41";"0,13%";"0,76%";"3,54%";"";"";"";""
"2015/04/24";"1,034374";"42946258,028628";"";"-9,12";"-0%";"0,71%";"";"";"";"";""
"2015/04/23";"1,034062";"42933313,193176";"";"-10,77";"-0%";"0,68%";"";"";"";"";""
"2015/04/22";"1,033631";"42915429,235018";"";"30048001,15";"70,02%";"1,12%";"";"";"";"";""
"2015/04/21";"1,03337";"12864178,955627";"";"-2,56";"-0%";"1,13%";"";"";"";"";""
"2015/04/20";"1,03396";"12871526,291575";"";"6,65";"0%";"1,24%";"";"";"";"";""
"2015/04/17";"1,033757";"12868992,545044";"";"0,52";"0%";"1,3%";"";"";"";"";""
"2015/04/16";"1,035296";"12888150,669446";"";"100055,4";"0,78%";"1,45%";"";"";"";"";""
"2015/04/15";"1,034711";"12780869,27775";"";"-103890,12";"-0,81%";"1,57%";"";"";"";"";""
"2015/04/14";"1,034114";"12877325,248165";"";"1,8";"0%";"1,66%";"";"";"";"";""
"2015/04/13";"1,03421";"12878518,892235";"";"-0,44";"-0%";"1,73%";"";"";"";"";""
"2015/04/10";"1,034375";"12880574";"0";"22397,98";"0,17%";"1,93%";"";"";"";"";""
"2015/04/09";"1,034614";"12861147";"0";"-0,31";"-0%";"1,96%";"";"";"";"";""
"2015/04/08";"1,032796";"12838548";"0";"130001,08";"1,01%";"1,66%";"";"";"";"";""
"2015/04/07";"1,030488";"12680147";"0";"2,59";"0%";"1,7%";"";"";"";"";""
"2015/04/03";"1,029303";"12665563";"0";"-6,19";"-0%";"1,84%";"";"";"";"";""
"2015/04/02";"1,029145";"12663625";"0";"200006,47";"1,58%";"1,83%";"";"";"";"";""
"2015/04/01";"1,028607";"12457103";"0";"-6,11";"-0%";"1,77%";"";"";"";"";""
"2015/03/31";"1,029094";"12463007";"0";"4,85";"0%";"1,82%";"";"";"";"";""
"2015/03/30";"1,029358";"12466199,364858";"";"-4,61";"-0%";"1,86%";"";"";"";"";""
"2015/03/27";"1,027552";"12444332,125486";"";"99935,86";"0,8%";"1,78%";"";"";"";"";""
"2015/03/26";"1,028214";"12352349,134119";"";"4,12";"0%";"1,85%";"";"";"";"";""
"2015/03/25";"1,030454";"12379255,026232";"";"609,06";"0%";"2,07%";"";"";"";"";""
"2015/03/24";"1,030389";"12377865,137223";"";"2,86";"0%";"2,06%";"";"";"";"";""
"2015/03/23";"1,031121";"12386655,654859";"";"0,13";"0%";"2,13%";"";"";"";"";""
"2015/03/20";"1,030307";"12376877,106068";"";"-9,6";"-0%";"2,24%";"";"";"";"";""
"2015/03/19";"1,0286";"12356380,831496";"";"28038,1";"0,23%";"2,07%";"";"";"";"";""
"2015/03/18";"1,025036";"12285626,21512";"";"1,7";"0%";"1,82%";"";"";"";"";""
"2015/03/17";"1,024146";"12274957,371134";"";"23688,83";"0,19%";"2,18%";"";"";"";"";""
"2015/03/16";"1,024404";"12254354,846583";"";"-1,11";"-0%";"2,15%";"";"";"";"";""
"2015/03/13";"1,023372";"12242010,73226";"";"-7,69";"-0%";"1,5%";"";"";"";"";""
"2015/03/12";"1,02486";"12259818,52628";"";"-1,4";"-0%";"1,64%";"";"";"";"";""
"2015/03/11";"1,023333";"12241553,291343";"";"3,83";"0%";"1,39%";"";"";"";"";""
"2015/03/10";"1,022496";"12231536,907145";"";"-2,99";"-0%";"1,31%";"";"";"";"";""
"2015/03/09";"1,025444";"12266805,148894";"";"6,3";"0%";"1,5%";"";"";"";"";""
"2015/03/06";"1,02795";"12296776,687187";"";"-6,92";"-0%";"1,59%";"";"";"";"";""
"2015/03/05";"1,028079";"12298326,765086";"";"23903,98";"0,19%";"1,61%";"";"";"";"";""
"2015/03/04";"1,029766";"12294564,189063";"";"1,27";"0%";"1,83%";"";"";"";"";""
"2015/03/03";"1,030392";"12302036,850129";"";"-8,67";"-0%";"1,94%";"";"";"";"";""
"2015/03/02";"1,030793";"12306833,139659";"";"5,59";"0%";"2,07%";"";"";"";"";""
"2015/02/27";"1,029485";"12291211,096985";"";"-2,39";"-0%";"1,85%";"";"";"";"";""
"2015/02/26";"1,029169";"12287440,708308";"";"-3,96";"-0%";"1,88%";"";"";"";"";""
"2015/02/25";"1,02761";"12268831,467909";"";"9,27";"0%";"1,84%";"";"";"";"";""
"2015/02/24";"1,026498";"12255545,823489";"";"-3,77";"-0%";"1,76%";"";"";"";"";""
"2015/02/23";"1,024881";"12236243,927391";"";"-3,56";"-0%";"1,69%";"";"";"";"";""
"2015/02/20";"1,024055";"12226385,717904";"";"8,11";"0%";"1,83%";"";"";"";"";""
"2015/02/19";"1,023741";"12222628,700962";"";"-3,54";"-0%";"1,73%";"";"";"";"";""
"2015/02/18";"1,022296";"12205380,115634";"";"-6,88";"-0%";"1,48%";"";"";"";"";""
"2015/02/17";"1,024432";"12230889,103671";"";"250005,66";"2,04%";"1,75%";"";"";"";"";""
"2015/02/16";"1,025361";"11991748,240483";"";"10006,75";"0,08%";"1,89%";"";"";"";"";""
"2015/02/13";"1,025247";"11980409,359729";"";"-9,72";"-0%";"1,91%";"";"";"";"";""
"2015/02/12";"1,024408";"11970615,029126";"";"9,63";"0%";"1,85%";"";"";"";"";""
"2015/02/11";"1,022579";"11949232,82515";"";"-3,55";"-0%";"1,72%";"";"";"";"";""
"2015/02/10";"1,02353";"11960349,179356";"";"-5,35";"-0%";"1,79%";"";"";"";"";""
"2015/02/09";"1,023641";"11961651,608463";"";"-0,92";"-0%";"1,94%";"";"";"";"";""
"2015/02/06";"1,024381";"11970299,724106";"";"10005,77";"0,08%";"2%";"";"";"";"";""
"2015/02/05";"1,025885";"11977854,09972";"";"-6,58";"-0%";"2,14%";"";"";"";"";""
"2015/02/04";"1,026767";"11988158,587201";"";"1,01";"0%";"2,3%";"";"";"";"";""
"2015/02/03";"1,027799";"12000206,831146";"";"-2,18";"-0%";"2,32%";"";"";"";"";""
"2015/02/02";"1,027328";"11994709,788443";"";"200002,13";"1,67%";"2,35%";"";"";"";"";""
"2015/01/30";"1,026726";"11787796,12437";"";"0,62";"0%";"2,49%";"";"";"";"";""
"2015/01/29";"1,027088";"11791951,607996";"";"-1,84";"-0%";"2,62%";"";"";"";"";""
"2015/01/28";"1,027404";"11795581,43248";"";"22003,63";"0,19%";"2,74%";"";"";"";"";""
"2015/01/27";"1,027555";"11775308,191188";"";"-2,21";"-0%";"2,76%";"";"";"";"";""
"2015/01/26";"1,027491";"11774576,99276";"";"6,13";"0%";"";"";"";"";"";""
"2015/01/23";"1,027109";"11770193,322497";"";"-5,63";"-0%";"";"";"";"";"";""
"2015/01/22";"1,022154";"11713416,925532";"";"-1,04";"-0%";"";"";"";"";"";""
"2015/01/21";"1,021789";"11709235,230752";"";"4,41";"0%";"";"";"";"";"";""
"2015/01/20";"1,021305";"11703684,399178";"";"-5,65";"-0%";"";"";"";"";"";""
"2015/01/19";"1,020458";"11693983,811004";"";"-0,61";"-0%";"";"";"";"";"";""
"2015/01/16";"1,020473";"11694156,312598";"";"1,13";"0%";"";"";"";"";"";""
"2015/01/15";"1,018675";"11673550,918501";"";"6,57";"0%";"";"";"";"";"";""
"2015/01/14";"1,017248";"11657191,588318";"";"1,01";"0%";"";"";"";"";"";""
"2015/01/13";"1,016658";"11650429,451335";"";"-5,78";"-0%";"";"";"";"";"";""
"2015/01/12";"1,015002";"11631458,227112";"";"0,06";"0%";"";"";"";"";"";""
"2015/01/09";"1,014757";"11628650,580117";"";"1433416,3";"12,33%";"";"";"";"";"";""
"2015/01/08";"1,015909";"10206808,39003";"";"4,09";"0%";"";"";"";"";"";""
"2015/01/07";"1,013234";"10179928,658248";"";"-3,85";"-0%";"";"";"";"";"";""
"2015/01/06";"1,010918";"10156663,720616";"";"4,45";"0%";"";"";"";"";"";""
"2015/01/05";"1,010951";"10156990,821268";"";"-7,18";"-0%";"";"";"";"";"";""
"2014/12/31";"1,010675";"10154225,04102";"";"2,7";"0%";"";"";"";"";"";""
"2014/12/30";"1,010604";"10153509,002266";"";"1,65";"0%";"";"";"";"";"";""
"2014/12/29";"1,010817";"10155647,355555";"";"0,29";"0%";"";"";"";"";"";""
"2014/12/23";"1,009569";"10143108,449076";"";"-4,95";"-0%";"";"";"";"";"";""
"2014/12/22";"1,009923";"10146670,031261";"";"3,93";"0%";"";"";"";"";"";""
"2014/12/19";"1,00776";"10124934,508528";"";"-0,77";"-0%";"";"";"";"";"";""
"2014/12/18";"1,006677";"10114054,410336";"";"-2,77";"-0%";"";"";"";"";"";""
"2014/12/17";"1,002247";"10069549,088846";"";"-2,35";"-0%";"";"";"";"";"";""
"2014/12/16";"1,002837";"10075479,152453";"";"1,34";"0%";"";"";"";"";"";""
"2014/12/15";"1,006395";"10111224,948692";"";"5,2";"0%";"";"";"";"";"";""
"2014/12/12";"1,008289";"10130248,706306";"";"47361,56";"0,47%";"";"";"";"";"";""
"2014/12/10";"1,009263";"10092627,143682";"";"-2,19";"-0%";"";"";"";"";"";""
"2014/12/09";"1,010333";"10103329,335859";"";"1,32";"0%";"";"";"";"";"";""
"2014/12/08";"1,011509";"10115088,010666";"";"-0,98";"-0%";"";"";"";"";"";""
"2014/12/05";"1,011831";"10118308,989998";"";"2,13";"0%";"";"";"";"";"";""
"2014/12/04";"1,01128";"10112796,858467";"";"1,29";"0%";"";"";"";"";"";""
"2014/12/03";"1,010831";"10108305,572186";"";"-9,43";"-0%";"";"";"";"";"";""
"2014/12/01";"1,009884";"10098844,995348";"";"6,68";"0%";"";"";"";"";"";""
"2014/11/28";"1,010873";"10108728,314346";"";"-5,51";"-0%";"";"";"";"";"";""
"2014/11/27";"1,01078";"10107803,821323";"";"4,17";"0%";"";"";"";"";"";""
"2014/11/26";"1,010216";"10102159,648206";"";"-0,14";"-0%";"";"";"";"";"";""
"2014/11/25";"1,009027";"10090269,784455";"";"-2,85";"-0%";"";"";"";"";"";""
"2014/11/24";"1,008768";"10087682,628894";"";"5,14";"0%";"";"";"";"";"";""
"2014/11/21";"1,0078";"10077997,495987";"";"-3,56";"-0%";"";"";"";"";"";""
"2014/11/20";"1,005605";"10056051,054946";"";"1,09";"0%";"";"";"";"";"";""
"2014/11/19";"1,006296";"10062959,965658";"";"-2,46";"-0%";"";"";"";"";"";""
"2014/11/18";"1,007428";"10074282,431375";"";"-0,48";"-0%";"";"";"";"";"";""
"2014/11/17";"1,006835";"10068352,914023";"";"5,99";"0%";"";"";"";"";"";""
"2014/11/14";"1,006349";"10063486,923833";"";"-1,84";"-0%";"";"";"";"";"";""
"2014/11/13";"1,006039";"10060388,7595";"";"-2,79";"-0%";"";"";"";"";"";""
"2014/11/12";"1,0058";"10058001,552369";"";"-2,19";"-0%";"";"";"";"";"";""
"2014/11/11";"1,005285";"10052853,73824";"";"5,7";"0%";"";"";"";"";"";""
"2014/11/10";"1,005508";"10055078,039394";"";"-1,31";"-0%";"";"";"";"";"";""
"2014/11/07";"1,004114";"10041139,353281";"";"2,53";"0%";"";"";"";"";"";""
"2014/11/06";"1,004289";"10042886,818755";"";"-3,44";"-0%";"";"";"";"";"";""
"2014/11/05";"1,004372";"10043720,261047";"";"-3,32";"-0%";"";"";"";"";"";""
"2014/11/04";"1,0037";"10037003,578414";"";"4,69";"0%";"";"";"";"";"";""
"2014/11/03";"1,004517";"10045168,887045";"";"-4,23";"-0%";"";"";"";"";"";""
"2014/10/31";"1,003695";"10036953,118827";"";"6,11";"0%";"";"";"";"";"";""
"2014/10/30";"1,001751";"10017507,015467";"";"-3,8";"-0%";"";"";"";"";"";""
"2014/10/29";"1,000913";"10009130,810366";"";"-2,59";"-0%";"";"";"";"";"";""
"2014/10/28";"1,000023";"10000233,392967";"";"3,39";"0%";"";"";"";"";"";""
"2014/10/27";"1";"10000000";"";"10000000";"100%";"";"";"";"";"";""
